task,dataset,fold,model,score_test,score_val,pred_time_test,pred_time_val,fit_time,pred_time_test_marginal,pred_time_val_marginal,fit_time_marginal,stack_level,can_infer,fit_order,datetime
bostonHousing,bostonHousing,0,XGBoost_DSTL_BASE,0.9325317583812016,0.8396535193732014,0.05814194679260254,0.003137826919555664,0.9046401977539062,0.05814194679260254,0.003137826919555664,0.9046401977539062,1,True,21,2021-03-22 12:15:56.258111
bostonHousing,bostonHousing,0,XGBoost_BAG_L1,0.9152511366428178,0.8806864911607702,5.700348854064941,0.24492621421813965,79.2854278087616,5.700348854064941,0.24492621421813965,79.2854278087616,1,True,8,2021-03-22 12:15:56.258111
bostonHousing,bostonHousing,0,NeuralNetMXNet_BAG_L1,0.911819601610962,0.8979540731276764,1.8240408897399902,1.0285637378692627,237.5756652355194,1.8240408897399902,1.0285637378692627,237.5756652355194,1,True,9,2021-03-22 12:15:56.258111
bostonHousing,bostonHousing,0,WeightedEnsemble_L2,0.9104988595589918,0.9046139982273689,3.3891515731811523,1.612649917602539,737.558765411377,0.004071950912475586,0.00046896934509277344,0.3627758026123047,2,True,11,2021-03-22 12:15:56.258111
bostonHousing,bostonHousing,0,CatBoost_DSTL_BASE,0.9011736442661744,0.8533146176695774,0.001934051513671875,0.0020737648010253906,1.2807211875915527,0.001934051513671875,0.0020737648010253906,1.2807211875915527,1,True,19,2021-03-22 12:15:56.258111
bostonHousing,bostonHousing,0,WeightedEnsemble_L2_DSTL_BASE,0.8978356558752443,0.8584327829635853,0.06995916366577148,0.008328437805175781,4.5290422439575195,0.00401616096496582,0.0005009174346923828,0.22255802154541016,2,True,23,2021-03-22 12:15:56.258111
bostonHousing,bostonHousing,0,CatBoost_BAG_L1,0.8916886783235047,0.8930560089309058,0.30149102210998535,0.13806605339050293,158.2109453678131,0.30149102210998535,0.13806605339050293,158.2109453678131,1,True,7,2021-03-22 12:15:56.258111
bostonHousing,bostonHousing,0,RandomForest_DSTL_BASE,0.8778760670672014,0.8240281041443238,0.04014706611633301,0.03162503242492676,0.4359879493713379,0.04014706611633301,0.03162503242492676,0.4359879493713379,1,True,20,2021-03-22 12:15:56.258111
bostonHousing,bostonHousing,0,RandomForestMSE_BAG_L1,0.8741794487579155,0.8572992942004118,4.034060001373291,2.6117565631866455,35.64496350288391,4.034060001373291,2.6117565631866455,35.64496350288391,1,True,1,2021-03-22 12:15:56.258111
bostonHousing,bostonHousing,0,CatBoost_DSTL_KNOW,0.8729922192645676,0.8480636389147881,0.0027332305908203125,0.0019168853759765625,4.487979173660278,0.0027332305908203125,0.0019168853759765625,4.487979173660278,1,True,13,2021-03-22 12:15:56.258111
bostonHousing,bostonHousing,0,XGBoost_DSTL_KNOW,0.8681115687201468,0.8588778212106148,0.09140872955322266,0.0029070377349853516,1.1335248947143555,0.09140872955322266,0.0029070377349853516,1.1335248947143555,1,True,15,2021-03-22 12:15:56.258111
bostonHousing,bostonHousing,0,LightGBMLarge_BAG_L1,0.8675160400367945,0.8752493217514216,0.9841678142547607,0.2134714126586914,233.86474418640137,0.9841678142547607,0.2134714126586914,233.86474418640137,1,True,10,2021-03-22 12:15:56.258111
bostonHousing,bostonHousing,0,WeightedEnsemble_L2_DSTL_KNOW,0.8651739628081428,0.8626256897805215,0.11241698265075684,0.009054899215698242,8.013713121414185,0.004172086715698242,0.0004119873046875,0.20949506759643555,2,True,17,2021-03-22 12:15:56.258111
bostonHousing,bostonHousing,0,ExtraTreesMSE_BAG_L1,0.8623117307875133,0.8847746769443292,5.845935821533203,2.497929096221924,26.299447774887085,5.845935821533203,2.497929096221924,26.299447774887085,1,True,2,2021-03-22 12:15:56.258111
bostonHousing,bostonHousing,0,RandomForest_DSTL_KNOW,0.8532047229620731,0.7932544314834896,0.04563188552856445,0.02586507797241211,0.3498528003692627,0.04563188552856445,0.02586507797241211,0.3498528003692627,1,True,14,2021-03-22 12:15:56.258111
bostonHousing,bostonHousing,0,LightGBM_DSTL_KNOW,0.8491308240528792,0.847319359163184,0.014102935791015625,0.003818988800048828,2.1827139854431152,0.014102935791015625,0.003818988800048828,2.1827139854431152,1,True,12,2021-03-22 12:15:56.258111
bostonHousing,bostonHousing,0,LightGBM_DSTL_BASE,0.8445795032630998,0.8405072076297231,0.00586700439453125,0.0026159286499023438,2.1211228370666504,0.00586700439453125,0.0026159286499023438,2.1211228370666504,1,True,18,2021-03-22 12:15:56.258111
bostonHousing,bostonHousing,0,LightGBMXT_BAG_L1,0.8415234977710938,0.8824297997022165,0.7122869491577148,0.23308825492858887,186.55769562721252,0.7122869491577148,0.23308825492858887,186.55769562721252,1,True,6,2021-03-22 12:15:56.258111
bostonHousing,bostonHousing,0,LightGBM_BAG_L1,0.8371571579340601,0.8763466642925195,0.5472607612609863,0.2124629020690918,154.8516833782196,0.5472607612609863,0.2124629020690918,154.8516833782196,1,True,5,2021-03-22 12:15:56.258111
bostonHousing,bostonHousing,0,LinearModel_DSTL_BASE,0.7876516370495223,0.5867529931529075,0.0077667236328125,0.007576942443847656,0.018707990646362305,0.0077667236328125,0.007576942443847656,0.018707990646362305,1,True,22,2021-03-22 12:15:56.258111
bostonHousing,bostonHousing,0,LinearModel_DSTL_KNOW,0.7785021561969692,0.5941619638752267,0.0068302154541015625,0.00692296028137207,0.02488088607788086,0.0068302154541015625,0.00692296028137207,0.02488088607788086,1,True,16,2021-03-22 12:15:56.258111
bostonHousing,bostonHousing,0,KNeighborsDist_BAG_L1,0.5478655121329763,0.5601444959987385,0.43754029273986816,0.4700324535369873,0.1336519718170166,0.43754029273986816,0.4700324535369873,0.1336519718170166,1,True,4,2021-03-22 12:15:56.258111
bostonHousing,bostonHousing,0,KNeighborsUnif_BAG_L1,0.45314752354963606,0.5266502310227221,0.4385368824005127,0.443509578704834,0.12881779670715332,0.4385368824005127,0.443509578704834,0.12881779670715332,1,True,3,2021-03-22 12:15:56.258111
bostonHousing,bostonHousing,1,ExtraTreesMSE_BAG_L1,0.9361322963985306,0.8766140309136707,5.946291923522949,2.624635934829712,27.715445041656494,5.946291923522949,2.624635934829712,27.715445041656494,1,True,2,2021-03-22 12:35:50.924390
bostonHousing,bostonHousing,1,CatBoost_BAG_L1,0.9358549302023518,0.8896193238378693,0.2686591148376465,0.14251208305358887,124.21017074584961,0.2686591148376465,0.14251208305358887,124.21017074584961,1,True,7,2021-03-22 12:35:50.924390
bostonHousing,bostonHousing,1,LightGBMLarge_BAG_L1,0.9327445289920056,0.8703399873466556,0.7336657047271729,0.21738219261169434,235.25687074661255,0.7336657047271729,0.21738219261169434,235.25687074661255,1,True,10,2021-03-22 12:35:50.924390
bostonHousing,bostonHousing,1,LightGBM_BAG_L1,0.9318460481677008,0.8738901480555095,0.473574161529541,0.2237391471862793,160.60242533683777,0.473574161529541,0.2237391471862793,160.60242533683777,1,True,5,2021-03-22 12:35:50.924390
bostonHousing,bostonHousing,1,WeightedEnsemble_L2,0.931371657202172,0.905692154333687,8.926695108413696,2.2431249618530273,665.4180779457092,0.004226207733154297,0.00046515464782714844,0.35101795196533203,2,True,11,2021-03-22 12:35:50.924390
bostonHousing,bostonHousing,1,XGBoost_BAG_L1,0.9309210707075506,0.8903243330430191,5.767625093460083,0.2593398094177246,83.26243543624878,5.767625093460083,0.2593398094177246,83.26243543624878,1,True,8,2021-03-22 12:35:50.924390
bostonHousing,bostonHousing,1,RandomForestMSE_BAG_L1,0.9214075497869185,0.8712621206944701,4.015894174575806,2.6797361373901367,37.04334282875061,4.015894174575806,2.6797361373901367,37.04334282875061,1,True,1,2021-03-22 12:35:50.924390
bostonHousing,bostonHousing,1,WeightedEnsemble_L2_DSTL_KNOW,0.9191879808238452,0.8966142978625646,0.09994912147521973,0.007765531539916992,4.703332185745239,0.0055921077728271484,0.0004868507385253906,0.21265411376953125,2,True,17,2021-03-22 12:35:50.924390
bostonHousing,bostonHousing,1,XGBoost_DSTL_KNOW,0.917341345681268,0.8864655061192908,0.0857851505279541,0.0031168460845947266,1.2972331047058105,0.0857851505279541,0.0031168460845947266,1.2972331047058105,1,True,15,2021-03-22 12:35:50.924390
bostonHousing,bostonHousing,1,LightGBMXT_BAG_L1,0.9142744457491553,0.8763273480359053,0.6213138103485107,0.23951292037963867,193.73766160011292,0.6213138103485107,0.23951292037963867,193.73766160011292,1,True,6,2021-03-22 12:35:50.924390
bostonHousing,bostonHousing,1,WeightedEnsemble_L2_DSTL_BASE,0.9114223467276149,0.8931217310538263,0.10901212692260742,0.040976524353027344,3.5084927082061768,0.0047149658203125,0.0004291534423828125,0.21535682678222656,2,True,23,2021-03-22 12:35:50.924390
bostonHousing,bostonHousing,1,NeuralNetMXNet_BAG_L1,0.9104393128471282,0.8993863689100158,1.847249984741211,1.107914924621582,263.7195267677307,1.847249984741211,1.107914924621582,263.7195267677307,1,True,9,2021-03-22 12:35:50.924390
bostonHousing,bostonHousing,1,RandomForest_DSTL_KNOW,0.9088763085447097,0.8719529550613557,0.050972938537597656,0.027186870574951172,0.3589460849761963,0.050972938537597656,0.027186870574951172,0.3589460849761963,1,True,14,2021-03-22 12:35:50.924390
bostonHousing,bostonHousing,1,CatBoost_DSTL_BASE,0.9081665622946523,0.849488387150573,0.0015940666198730469,0.0014581680297851562,0.38262295722961426,0.0015940666198730469,0.0014581680297851562,0.38262295722961426,1,True,19,2021-03-22 12:35:50.924390
bostonHousing,bostonHousing,1,LightGBM_DSTL_KNOW,0.9080370416733983,0.8888309247548593,0.006036996841430664,0.0023529529571533203,0.5715460777282715,0.006036996841430664,0.0023529529571533203,0.5715460777282715,1,True,12,2021-03-22 12:35:50.924390
bostonHousing,bostonHousing,1,CatBoost_DSTL_KNOW,0.9038917446665138,0.8705290798045342,0.0025348663330078125,0.0018088817596435547,2.621898889541626,0.0025348663330078125,0.0018088817596435547,2.621898889541626,1,True,13,2021-03-22 12:35:50.924390
bostonHousing,bostonHousing,1,RandomForest_DSTL_BASE,0.9033692262969615,0.8766061505112199,0.048261165618896484,0.026330232620239258,0.3579897880554199,0.048261165618896484,0.026330232620239258,0.3579897880554199,1,True,20,2021-03-22 12:35:50.924390
bostonHousing,bostonHousing,1,XGBoost_DSTL_BASE,0.8950428714703528,0.871458161735744,0.04413175582885742,0.002962827682495117,0.6264340877532959,0.04413175582885742,0.002962827682495117,0.6264340877532959,1,True,21,2021-03-22 12:35:50.924390
bostonHousing,bostonHousing,1,LightGBM_DSTL_BASE,0.8918168910694142,0.8789934095021,0.0038759708404541016,0.002780914306640625,1.9076671600341797,0.0038759708404541016,0.002780914306640625,1.9076671600341797,1,True,18,2021-03-22 12:35:50.924390
bostonHousing,bostonHousing,1,LinearModel_DSTL_KNOW,0.6821751342272546,0.6975086666607122,0.0062007904052734375,0.0069081783294677734,0.018007755279541016,0.0062007904052734375,0.0069081783294677734,0.018007755279541016,1,True,16,2021-03-22 12:35:50.924390
bostonHousing,bostonHousing,1,LinearModel_DSTL_BASE,0.6821195794628272,0.7002357839484324,0.006434202194213867,0.007015228271484375,0.01842188835144043,0.006434202194213867,0.007015228271484375,0.01842188835144043,1,True,22,2021-03-22 12:35:50.924390
bostonHousing,bostonHousing,1,KNeighborsDist_BAG_L1,0.6251206885186382,0.5766710897467117,0.4176208972930908,0.493380069732666,0.13726544380187988,0.4176208972930908,0.493380069732666,0.13726544380187988,1,True,4,2021-03-22 12:35:50.924390
bostonHousing,bostonHousing,1,KNeighborsUnif_BAG_L1,0.5827547783654553,0.5391455702378636,0.41189026832580566,0.45495152473449707,0.13235712051391602,0.41189026832580566,0.45495152473449707,0.13235712051391602,1,True,3,2021-03-22 12:35:50.924390
bostonHousing,bostonHousing,2,LightGBMXT_BAG_L1,0.938283922522854,0.8677839808308195,0.7247347831726074,0.24332857131958008,190.4496922492981,0.7247347831726074,0.24332857131958008,190.4496922492981,1,True,6,2021-03-22 12:55:49.946030
bostonHousing,bostonHousing,2,WeightedEnsemble_L2,0.9362967562913806,0.8993511458706067,8.746969223022461,1.7198498249053955,632.945880651474,0.0044400691986083984,0.0005512237548828125,0.36746692657470703,2,True,11,2021-03-22 12:55:49.946030
bostonHousing,bostonHousing,2,LightGBMLarge_BAG_L1,0.9342261774623938,0.8749759795648413,0.9780430793762207,0.2169170379638672,233.50953841209412,0.9780430793762207,0.2169170379638672,233.50953841209412,1,True,10,2021-03-22 12:55:49.946030
bostonHousing,bostonHousing,2,CatBoost_BAG_L1,0.9302993723475232,0.8888332603220868,0.3006000518798828,0.14586830139160156,127.58569169044495,0.3006000518798828,0.14586830139160156,127.58569169044495,1,True,7,2021-03-22 12:55:49.946030
bostonHousing,bostonHousing,2,NeuralNetMXNet_BAG_L1,0.9277692119445361,0.8906164023203355,1.7722411155700684,1.0881378650665283,254.63480019569397,1.7722411155700684,1.0881378650665283,254.63480019569397,1,True,9,2021-03-22 12:55:49.946030
bostonHousing,bostonHousing,2,XGBoost_BAG_L1,0.9263814227029674,0.8825111774163754,6.1102399826049805,0.26239752769470215,87.65115308761597,6.1102399826049805,0.26239752769470215,87.65115308761597,1,True,8,2021-03-22 12:55:49.946030
bostonHousing,bostonHousing,2,ExtraTreesMSE_BAG_L1,0.9222828065843277,0.8768920485591517,5.843605995178223,2.6980180740356445,28.22662591934204,5.843605995178223,2.6980180740356445,28.22662591934204,1,True,2,2021-03-22 12:55:49.946030
bostonHousing,bostonHousing,2,WeightedEnsemble_L2_DSTL_BASE,0.9203322274400578,0.9019175379672579,0.08668088912963867,0.016338825225830078,5.145228385925293,0.005017995834350586,0.00045490264892578125,0.2245950698852539,2,True,23,2021-03-22 12:55:49.946030
bostonHousing,bostonHousing,2,LightGBM_BAG_L1,0.9191374675930393,0.8726327127844158,0.5594480037689209,0.22289490699768066,162.7067687511444,0.5594480037689209,0.22289490699768066,162.7067687511444,1,True,5,2021-03-22 12:55:49.946030
bostonHousing,bostonHousing,2,XGBoost_DSTL_BASE,0.918195450085872,0.8822984165314935,0.06621694564819336,0.0033278465270996094,1.0260272026062012,0.06621694564819336,0.0033278465270996094,1.0260272026062012,1,True,21,2021-03-22 12:55:49.946030
bostonHousing,bostonHousing,2,WeightedEnsemble_L2_DSTL_KNOW,0.9155993948448911,0.9052991277533612,0.019475936889648438,0.011264562606811523,1.5706052780151367,0.0038988590240478516,0.00044417381286621094,0.2221691608428955,2,True,17,2021-03-22 12:55:49.946030
bostonHousing,bostonHousing,2,LightGBM_DSTL_KNOW,0.9128956170583955,0.905044815338434,0.008870124816894531,0.0035512447357177734,1.32926607131958,0.008870124816894531,0.0035512447357177734,1.32926607131958,1,True,12,2021-03-22 12:55:49.946030
bostonHousing,bostonHousing,2,XGBoost_DSTL_KNOW,0.9115667202673157,0.8630806967917225,0.08759713172912598,0.0034029483795166016,1.3147683143615723,0.08759713172912598,0.0034029483795166016,1.3147683143615723,1,True,15,2021-03-22 12:55:49.946030
bostonHousing,bostonHousing,2,CatBoost_DSTL_BASE,0.9096377495698295,0.8879724212212772,0.0022840499877929688,0.0018558502197265625,1.722353219985962,0.0022840499877929688,0.0018558502197265625,1.722353219985962,1,True,19,2021-03-22 12:55:49.946030
bostonHousing,bostonHousing,2,LightGBM_DSTL_BASE,0.9043984171611692,0.8930950659286002,0.005812883377075195,0.0031290054321289062,2.1528818607330322,0.005812883377075195,0.0031290054321289062,2.1528818607330322,1,True,18,2021-03-22 12:55:49.946030
bostonHousing,bostonHousing,2,CatBoost_DSTL_KNOW,0.9000742807293993,0.8894973406012,0.005387067794799805,0.0023202896118164062,6.365685939788818,0.005387067794799805,0.0023202896118164062,6.365685939788818,1,True,13,2021-03-22 12:55:49.946030
bostonHousing,bostonHousing,2,RandomForestMSE_BAG_L1,0.8991256505592692,0.8621291699975648,3.81711483001709,2.735830783843994,37.21467328071594,3.81711483001709,2.735830783843994,37.21467328071594,1,True,1,2021-03-22 12:55:49.946030
bostonHousing,bostonHousing,2,RandomForest_DSTL_BASE,0.8937664923643991,0.8620351197970095,0.04535412788391113,0.031054973602294922,0.40233302116394043,0.04535412788391113,0.031054973602294922,0.40233302116394043,1,True,20,2021-03-22 12:55:49.946030
bostonHousing,bostonHousing,2,RandomForest_DSTL_KNOW,0.8799477405196618,0.8335598919335461,0.04590201377868652,0.027441978454589844,0.3764379024505615,0.04590201377868652,0.027441978454589844,0.3764379024505615,1,True,14,2021-03-22 12:55:49.946030
bostonHousing,bostonHousing,2,LinearModel_DSTL_BASE,0.7625873786558097,0.7748425928169417,0.0073490142822265625,0.007571220397949219,0.01937103271484375,0.0073490142822265625,0.007571220397949219,0.01937103271484375,1,True,22,2021-03-22 12:55:49.946030
bostonHousing,bostonHousing,2,LinearModel_DSTL_KNOW,0.7589899249788074,0.7753320320417133,0.006706953048706055,0.007269144058227539,0.019170045852661133,0.006706953048706055,0.007269144058227539,0.019170045852661133,1,True,16,2021-03-22 12:55:49.946030
bostonHousing,bostonHousing,2,KNeighborsDist_BAG_L1,0.5281461399679733,0.563334891469295,0.47267889976501465,0.5232644081115723,0.1503734588623047,0.47267889976501465,0.5232644081115723,0.1503734588623047,1,True,4,2021-03-22 12:55:49.946030
bostonHousing,bostonHousing,2,KNeighborsUnif_BAG_L1,0.47925433930077344,0.5317034348929349,0.4505441188812256,0.4694795608520508,0.13898658752441406,0.4505441188812256,0.4694795608520508,0.13898658752441406,1,True,3,2021-03-22 12:55:49.946030
bostonHousing,bostonHousing,3,XGBoost_DSTL_KNOW,0.8618882189808592,0.8597770220950791,0.07277107238769531,0.0032460689544677734,1.063929796218872,0.07277107238769531,0.0032460689544677734,1.063929796218872,1,True,15,2021-03-22 13:15:16.178304
bostonHousing,bostonHousing,3,WeightedEnsemble_L2_DSTL_KNOW,0.8568316442227893,0.8605857744531602,0.08989953994750977,0.006665229797363281,2.8779757022857666,0.004289150238037109,0.00043201446533203125,0.22369694709777832,2,True,17,2021-03-22 13:15:16.178304
bostonHousing,bostonHousing,3,CatBoost_DSTL_BASE,0.8566641764687188,0.8531372173301097,0.0020568370819091797,0.0022008419036865234,1.4950730800628662,0.0020568370819091797,0.0022008419036865234,1.4950730800628662,1,True,19,2021-03-22 13:15:16.178304
bostonHousing,bostonHousing,3,WeightedEnsemble_L2_DSTL_BASE,0.8520735015256246,0.8644949208204491,0.059340476989746094,0.009082794189453125,4.982829332351685,0.004337787628173828,0.0004482269287109375,0.2244710922241211,2,True,23,2021-03-22 13:15:16.178304
bostonHousing,bostonHousing,3,NeuralNetMXNet_BAG_L1,0.8516660631417247,0.9039262631219876,1.740434169769287,1.0366289615631104,254.0165023803711,1.740434169769287,1.0366289615631104,254.0165023803711,1,True,9,2021-03-22 13:15:16.178304
bostonHousing,bostonHousing,3,WeightedEnsemble_L2,0.850773783040401,0.9125499219308286,1.9736826419830322,1.1783339977264404,385.78732657432556,0.0029611587524414062,0.00044989585876464844,0.3643679618835449,2,True,11,2021-03-22 13:15:16.178304
bostonHousing,bostonHousing,3,CatBoost_DSTL_KNOW,0.8464976053807473,0.8430067966779082,0.0036458969116210938,0.0023140907287597656,3.5233521461486816,0.0036458969116210938,0.0023140907287597656,3.5233521461486816,1,True,13,2021-03-22 13:15:16.178304
bostonHousing,bostonHousing,3,LightGBM_DSTL_BASE,0.841538114040131,0.8339260465823368,0.006085872650146484,0.0031096935272216797,2.2996091842651367,0.006085872650146484,0.0031096935272216797,2.2996091842651367,1,True,18,2021-03-22 13:15:16.178304
bostonHousing,bostonHousing,3,XGBoost_DSTL_BASE,0.8389717555067444,0.8591958003505772,0.0468599796295166,0.0033240318298339844,0.9636759757995605,0.0468599796295166,0.0033240318298339844,0.9636759757995605,1,True,21,2021-03-22 13:15:16.178304
bostonHousing,bostonHousing,3,CatBoost_BAG_L1,0.8384836360968289,0.9039074602687915,0.2302873134613037,0.14125514030456543,131.40645623207092,0.2302873134613037,0.14125514030456543,131.40645623207092,1,True,7,2021-03-22 13:15:16.178304
bostonHousing,bostonHousing,3,LightGBMXT_BAG_L1,0.8239912818475749,0.8846673301203711,0.6439568996429443,0.2353377342224121,180.9779393672943,0.6439568996429443,0.2353377342224121,180.9779393672943,1,True,6,2021-03-22 13:15:16.178304
bostonHousing,bostonHousing,3,LightGBM_DSTL_KNOW,0.8172946818748801,0.8462381285047665,0.012839317321777344,0.0029871463775634766,1.5903489589691162,0.012839317321777344,0.0029871463775634766,1.5903489589691162,1,True,12,2021-03-22 13:15:16.178304
bostonHousing,bostonHousing,3,XGBoost_BAG_L1,0.8116365910592915,0.8937251139116446,5.559564113616943,0.25778841972351074,84.59186697006226,5.559564113616943,0.25778841972351074,84.59186697006226,1,True,8,2021-03-22 13:15:16.178304
bostonHousing,bostonHousing,3,LightGBM_BAG_L1,0.8042732857632277,0.8820599849585515,0.5375239849090576,0.21584463119506836,156.83433294296265,0.5375239849090576,0.21584463119506836,156.83433294296265,1,True,5,2021-03-22 13:15:16.178304
bostonHousing,bostonHousing,3,ExtraTreesMSE_BAG_L1,0.8036005810938452,0.8973644156083471,5.66610312461853,2.6194567680358887,27.596729040145874,5.66610312461853,2.6194567680358887,27.596729040145874,1,True,2,2021-03-22 13:15:16.178304
bostonHousing,bostonHousing,3,RandomForest_DSTL_BASE,0.797353199343054,0.8164792864648082,0.03829193115234375,0.03157806396484375,0.4157588481903076,0.03829193115234375,0.03157806396484375,0.4157588481903076,1,True,20,2021-03-22 13:15:16.178304
bostonHousing,bostonHousing,3,LightGBMLarge_BAG_L1,0.7771444871256623,0.8848297800032733,0.7908270359039307,0.2079155445098877,230.28311967849731,0.7908270359039307,0.2079155445098877,230.28311967849731,1,True,10,2021-03-22 13:15:16.178304
bostonHousing,bostonHousing,3,RandomForestMSE_BAG_L1,0.7751828096112492,0.871803775205952,3.8066749572753906,2.7059969902038574,36.62600922584534,3.8066749572753906,2.7059969902038574,36.62600922584534,1,True,1,2021-03-22 13:15:16.178304
bostonHousing,bostonHousing,3,RandomForest_DSTL_KNOW,0.7603016257581454,0.8009919609298491,0.03829765319824219,0.031533002853393555,0.45885801315307617,0.03829765319824219,0.031533002853393555,0.45885801315307617,1,True,14,2021-03-22 13:15:16.178304
bostonHousing,bostonHousing,3,LinearModel_DSTL_KNOW,0.7336095057428493,0.6112566333916458,0.007057905197143555,0.007882118225097656,0.01948690414428711,0.007057905197143555,0.007882118225097656,0.01948690414428711,1,True,16,2021-03-22 13:15:16.178304
bostonHousing,bostonHousing,3,LinearModel_DSTL_BASE,0.7278402450063759,0.6230811339349271,0.008268117904663086,0.008234977722167969,0.020682096481323242,0.008268117904663086,0.008234977722167969,0.020682096481323242,1,True,22,2021-03-22 13:15:16.178304
bostonHousing,bostonHousing,3,KNeighborsDist_BAG_L1,0.5202174018368598,0.5898710947662613,0.39262986183166504,0.5015463829040527,0.14127326011657715,0.39262986183166504,0.5015463829040527,0.14127326011657715,1,True,4,2021-03-22 13:15:16.178304
bostonHousing,bostonHousing,3,KNeighborsUnif_BAG_L1,0.4582104968488191,0.5519214251236615,0.3850250244140625,0.45274925231933594,0.1324145793914795,0.3850250244140625,0.45274925231933594,0.1324145793914795,1,True,3,2021-03-22 13:15:16.178304
bostonHousing,bostonHousing,4,LightGBM_DSTL_BASE,0.9092363152350598,0.842419218627975,0.007254123687744141,0.0025663375854492188,2.2448461055755615,0.007254123687744141,0.0025663375854492188,2.2448461055755615,1,True,18,2021-03-22 13:35:20.709812
bostonHousing,bostonHousing,4,LightGBM_BAG_L1,0.9054026843455766,0.8790946143339675,0.5290360450744629,0.21060872077941895,154.39294600486755,0.5290360450744629,0.21060872077941895,154.39294600486755,1,True,5,2021-03-22 13:35:20.709812
bostonHousing,bostonHousing,4,LightGBMLarge_BAG_L1,0.901033270431722,0.8841987310948398,0.9192461967468262,0.20386934280395508,218.73704361915588,0.9192461967468262,0.20386934280395508,218.73704361915588,1,True,10,2021-03-22 13:35:20.709812
bostonHousing,bostonHousing,4,LightGBM_DSTL_KNOW,0.8949151340144054,0.8345845758872592,0.014038801193237305,0.0028998851776123047,1.1971409320831299,0.014038801193237305,0.0028998851776123047,1.1971409320831299,1,True,12,2021-03-22 13:35:20.709812
bostonHousing,bostonHousing,4,RandomForestMSE_BAG_L1,0.8940722456484597,0.8711998488938906,3.47430682182312,2.545485496520996,35.15066695213318,3.47430682182312,2.545485496520996,35.15066695213318,1,True,1,2021-03-22 13:35:20.709812
bostonHousing,bostonHousing,4,RandomForest_DSTL_BASE,0.8896141248134257,0.8195953797387036,0.03788113594055176,0.028321027755737305,0.38394904136657715,0.03788113594055176,0.028321027755737305,0.38394904136657715,1,True,20,2021-03-22 13:35:20.709812
bostonHousing,bostonHousing,4,XGBoost_BAG_L1,0.8884023655453848,0.9014206763943382,6.0564539432525635,0.25191211700439453,88.56298422813416,6.0564539432525635,0.25191211700439453,88.56298422813416,1,True,8,2021-03-22 13:35:20.709812
bostonHousing,bostonHousing,4,WeightedEnsemble_L2_DSTL_BASE,0.8875665865784846,0.8594876614598541,0.10963797569274902,0.006223917007446289,3.840975046157837,0.004641056060791016,0.0004367828369140625,0.22026681900024414,2,True,23,2021-03-22 13:35:20.709812
bostonHousing,bostonHousing,4,LightGBMXT_BAG_L1,0.8865925276651055,0.8815508956742854,0.7380228042602539,0.23268413543701172,191.07327008247375,0.7380228042602539,0.23268413543701172,191.07327008247375,1,True,6,2021-03-22 13:35:20.709812
bostonHousing,bostonHousing,4,WeightedEnsemble_L2,0.8860453710786286,0.9077962465528018,7.965273141860962,1.3746833801269531,505.61983466148376,0.0036122798919677734,0.00048804283142089844,0.3721351623535156,2,True,11,2021-03-22 13:35:20.709812
bostonHousing,bostonHousing,4,ExtraTreesMSE_BAG_L1,0.8854436609592383,0.8834451795612186,5.479238271713257,2.495917797088623,26.413514852523804,5.479238271713257,2.495917797088623,26.413514852523804,1,True,2,2021-03-22 13:35:20.709812
bostonHousing,bostonHousing,4,RandomForest_DSTL_KNOW,0.8817485139800958,0.8126878187315072,0.037950992584228516,0.026458024978637695,0.36420106887817383,0.037950992584228516,0.026458024978637695,0.36420106887817383,1,True,14,2021-03-22 13:35:20.709812
bostonHousing,bostonHousing,4,CatBoost_BAG_L1,0.8810749441519513,0.9001263141715132,0.2087559700012207,0.14065051078796387,156.57265043258667,0.2087559700012207,0.14065051078796387,156.57265043258667,1,True,7,2021-03-22 13:35:20.709812
bostonHousing,bostonHousing,4,XGBoost_DSTL_BASE,0.8784032195277005,0.8587226869945769,0.09774279594421387,0.003220796585083008,1.3758621215820312,0.09774279594421387,0.003220796585083008,1.3758621215820312,1,True,21,2021-03-22 13:35:20.709812
bostonHousing,bostonHousing,4,NeuralNetMXNet_BAG_L1,0.8631042154540856,0.8944110441908014,1.69645094871521,0.9816327095031738,260.1120648384094,1.69645094871521,0.9816327095031738,260.1120648384094,1,True,9,2021-03-22 13:35:20.709812
bostonHousing,bostonHousing,4,CatBoost_DSTL_BASE,0.8626312001084143,0.8424923414149532,0.0019791126251220703,0.001894235610961914,1.046238899230957,0.0019791126251220703,0.001894235610961914,1.046238899230957,1,True,19,2021-03-22 13:35:20.709812
bostonHousing,bostonHousing,4,CatBoost_DSTL_KNOW,0.8558727043495609,0.8484791253917581,0.0062868595123291016,0.002290964126586914,6.89018702507019,0.0062868595123291016,0.002290964126586914,6.89018702507019,1,True,13,2021-03-22 13:35:20.709812
bostonHousing,bostonHousing,4,WeightedEnsemble_L2_DSTL_KNOW,0.8549178124320407,0.8549643646111302,0.10622668266296387,0.005968809127807617,8.435945272445679,0.0037860870361328125,0.000431060791015625,0.21269607543945312,2,True,17,2021-03-22 13:35:20.709812
bostonHousing,bostonHousing,4,XGBoost_DSTL_KNOW,0.8532031966048536,0.8548397010391882,0.09615373611450195,0.003246784210205078,1.3330621719360352,0.09615373611450195,0.003246784210205078,1.3330621719360352,1,True,15,2021-03-22 13:35:20.709812
bostonHousing,bostonHousing,4,LinearModel_DSTL_KNOW,0.8060373805298177,0.649804022533064,0.006376981735229492,0.0067958831787109375,0.018325090408325195,0.006376981735229492,0.0067958831787109375,0.018325090408325195,1,True,16,2021-03-22 13:35:20.709812
bostonHousing,bostonHousing,4,LinearModel_DSTL_BASE,0.8043442198621751,0.6532461061147026,0.00764012336730957,0.0072858333587646484,0.018395185470581055,0.00764012336730957,0.0072858333587646484,0.018395185470581055,1,True,22,2021-03-22 13:35:20.709812
bostonHousing,bostonHousing,4,KNeighborsDist_BAG_L1,0.7086021985988552,0.5714846394278483,0.4339942932128906,0.48957014083862305,0.14214730262756348,0.4339942932128906,0.48957014083862305,0.14214730262756348,1,True,4,2021-03-22 13:35:20.709812
bostonHousing,bostonHousing,4,KNeighborsUnif_BAG_L1,0.658379594412128,0.5361335931853064,0.43463706970214844,0.45325589179992676,0.13116240501403809,0.43463706970214844,0.45325589179992676,0.13116240501403809,1,True,3,2021-03-22 13:35:20.709812
bostonHousing,bostonHousing,5,XGBoost_BAG_L1,0.9345486639151597,0.8988601019061215,5.487144947052002,0.2567422389984131,86.12637114524841,5.487144947052002,0.2567422389984131,86.12637114524841,1,True,8,2021-03-22 13:55:26.869742
bostonHousing,bostonHousing,5,WeightedEnsemble_L2,0.9322496399371194,0.9078509436332479,7.947466850280762,1.9632432460784912,496.6833028793335,0.0043756961822509766,0.00047516822814941406,0.39449405670166016,2,True,11,2021-03-22 13:55:26.869742
bostonHousing,bostonHousing,5,ExtraTreesMSE_BAG_L1,0.9278504930870786,0.8816732578982146,5.939882040023804,2.7737319469451904,28.13634753227234,5.939882040023804,2.7737319469451904,28.13634753227234,1,True,2,2021-03-22 13:55:26.869742
bostonHousing,bostonHousing,5,RandomForest_DSTL_BASE,0.9270179148405571,0.8363857330988149,0.0489039421081543,0.031980037689208984,0.41047191619873047,0.0489039421081543,0.031980037689208984,0.41047191619873047,1,True,20,2021-03-22 13:55:26.869742
bostonHousing,bostonHousing,5,XGBoost_DSTL_KNOW,0.9266261254951383,0.8990380202564754,0.07328104972839355,0.0039250850677490234,1.4786098003387451,0.07328104972839355,0.0039250850677490234,1.4786098003387451,1,True,15,2021-03-22 13:55:26.869742
bostonHousing,bostonHousing,5,WeightedEnsemble_L2_DSTL_KNOW,0.9266261254951383,0.8990380202564754,0.07686591148376465,0.0044057369232177734,1.714993953704834,0.0035848617553710938,0.00048065185546875,0.23638415336608887,2,True,17,2021-03-22 13:55:26.869742
bostonHousing,bostonHousing,5,RandomForestMSE_BAG_L1,0.9265986642435446,0.8687966369361088,3.9350759983062744,2.764751672744751,37.1581449508667,3.9350759983062744,2.764751672744751,37.1581449508667,1,True,1,2021-03-22 13:55:26.869742
bostonHousing,bostonHousing,5,CatBoost_BAG_L1,0.92549259292357,0.8986398582779676,0.27648496627807617,0.14780235290527344,142.9836404323578,0.27648496627807617,0.14780235290527344,142.9836404323578,1,True,7,2021-03-22 13:55:26.869742
bostonHousing,bostonHousing,5,XGBoost_DSTL_BASE,0.9248700742586581,0.9007219911319837,0.06951594352722168,0.0035991668701171875,1.1547520160675049,0.06951594352722168,0.0035991668701171875,1.1547520160675049,1,True,21,2021-03-22 13:55:26.869742
bostonHousing,bostonHousing,5,WeightedEnsemble_L2_DSTL_BASE,0.9248700742586581,0.9007219911319837,0.07305908203125,0.004055500030517578,1.3833231925964355,0.0035431385040283203,0.0004563331604003906,0.22857117652893066,2,True,23,2021-03-22 13:55:26.869742
bostonHousing,bostonHousing,5,LightGBMLarge_BAG_L1,0.9233703696367623,0.8805214640803942,0.6770970821380615,0.20462322235107422,222.24359345436096,0.6770970821380615,0.20462322235107422,222.24359345436096,1,True,10,2021-03-22 13:55:26.869742
bostonHousing,bostonHousing,5,RandomForest_DSTL_KNOW,0.919396025613764,0.8280687460263804,0.04886913299560547,0.03149127960205078,0.45015692710876465,0.04886913299560547,0.03149127960205078,0.45015692710876465,1,True,14,2021-03-22 13:55:26.869742
bostonHousing,bostonHousing,5,NeuralNetMXNet_BAG_L1,0.9193733116212223,0.8970788442496748,1.766841173171997,1.0583820343017578,267.0344808101654,1.766841173171997,1.0583820343017578,267.0344808101654,1,True,9,2021-03-22 13:55:26.869742
bostonHousing,bostonHousing,5,CatBoost_DSTL_BASE,0.9176711609271905,0.8705149548445387,0.0017769336700439453,0.0018379688262939453,1.086604118347168,0.0017769336700439453,0.0018379688262939453,1.086604118347168,1,True,19,2021-03-22 13:55:26.869742
bostonHousing,bostonHousing,5,CatBoost_DSTL_KNOW,0.9130609914662224,0.8671421071502851,0.0022161006927490234,0.002579212188720703,2.5169668197631836,0.0022161006927490234,0.002579212188720703,2.5169668197631836,1,True,13,2021-03-22 13:55:26.869742
bostonHousing,bostonHousing,5,LightGBM_BAG_L1,0.9094458783913945,0.8785849224153119,0.4554600715637207,0.21743083000183105,161.81985235214233,0.4554600715637207,0.21743083000183105,161.81985235214233,1,True,5,2021-03-22 13:55:26.869742
bostonHousing,bostonHousing,5,LightGBM_DSTL_KNOW,0.9030442718306458,0.8452854288370709,0.006107807159423828,0.0027446746826171875,1.0061142444610596,0.006107807159423828,0.0027446746826171875,1.0061142444610596,1,True,12,2021-03-22 13:55:26.869742
bostonHousing,bostonHousing,5,LightGBM_DSTL_BASE,0.8827065956250078,0.8404200730830291,0.004424095153808594,0.0029871463775634766,2.526499032974243,0.004424095153808594,0.0029871463775634766,2.526499032974243,1,True,18,2021-03-22 13:55:26.869742
bostonHousing,bostonHousing,5,LightGBMXT_BAG_L1,0.8783357815306714,0.8808833199532954,0.5824370384216309,0.23445439338684082,189.48503637313843,0.5824370384216309,0.23445439338684082,189.48503637313843,1,True,6,2021-03-22 13:55:26.869742
bostonHousing,bostonHousing,5,LinearModel_DSTL_KNOW,0.7300877182548131,0.6975133500175197,0.006245851516723633,0.007703065872192383,0.020573854446411133,0.006245851516723633,0.007703065872192383,0.020573854446411133,1,True,16,2021-03-22 13:55:26.869742
bostonHousing,bostonHousing,5,LinearModel_DSTL_BASE,0.7264977560487973,0.6993072032451688,0.006573915481567383,0.007601737976074219,0.020355939865112305,0.006573915481567383,0.007601737976074219,0.020355939865112305,1,True,22,2021-03-22 13:55:26.869742
bostonHousing,bostonHousing,5,KNeighborsUnif_BAG_L1,0.3703286122901783,0.5522274049364118,0.3924751281738281,0.476851224899292,0.1375720500946045,0.3924751281738281,0.476851224899292,0.1375720500946045,1,True,3,2021-03-22 13:55:26.869742
bostonHousing,bostonHousing,5,KNeighborsDist_BAG_L1,0.36540808856542717,0.5995520446367868,0.41262006759643555,0.49984145164489746,0.1443164348602295,0.41262006759643555,0.49984145164489746,0.1443164348602295,1,True,4,2021-03-22 13:55:26.869742
bostonHousing,bostonHousing,6,CatBoost_DSTL_BASE,0.946017369672302,0.8413507655702357,0.0021948814392089844,0.00185394287109375,2.8583621978759766,0.0021948814392089844,0.00185394287109375,2.8583621978759766,1,True,19,2021-03-22 14:14:48.593532
bostonHousing,bostonHousing,6,ExtraTreesMSE_BAG_L1,0.9444620422539471,0.8750293847596018,5.900431871414185,2.5511767864227295,26.487729787826538,5.900431871414185,2.5511767864227295,26.487729787826538,1,True,2,2021-03-22 14:14:48.593532
bostonHousing,bostonHousing,6,CatBoost_DSTL_KNOW,0.9435510394841296,0.834890521211204,0.0031681060791015625,0.0023539066314697266,4.537995100021362,0.0031681060791015625,0.0023539066314697266,4.537995100021362,1,True,13,2021-03-22 14:14:48.593532
bostonHousing,bostonHousing,6,WeightedEnsemble_L2,0.941931351200845,0.8999114352826583,7.436445474624634,1.885127305984497,473.4285397529602,0.0043621063232421875,0.0004448890686035156,0.36519289016723633,2,True,11,2021-03-22 14:14:48.593532
bostonHousing,bostonHousing,6,CatBoost_BAG_L1,0.9406639155529724,0.8917923212454293,0.26041507720947266,0.1386723518371582,134.25396513938904,0.26041507720947266,0.1386723518371582,134.25396513938904,1,True,7,2021-03-22 14:14:48.593532
bostonHousing,bostonHousing,6,XGBoost_BAG_L1,0.9351140844154373,0.8920266628997529,5.04663610458374,0.2526521682739258,76.13168907165527,5.04663610458374,0.2526521682739258,76.13168907165527,1,True,8,2021-03-22 14:14:48.593532
bostonHousing,bostonHousing,6,LightGBMLarge_BAG_L1,0.9340942903786205,0.8751616686255002,0.7401478290557861,0.20791053771972656,218.2786569595337,0.7401478290557861,0.20791053771972656,218.2786569595337,1,True,10,2021-03-22 14:14:48.593532
bostonHousing,bostonHousing,6,WeightedEnsemble_L2_DSTL_BASE,0.9323046109017483,0.8694135023286352,0.017459869384765625,0.013126134872436523,5.519436359405518,0.0029010772705078125,0.00047326087951660156,0.2297060489654541,2,True,23,2021-03-22 14:14:48.593532
bostonHousing,bostonHousing,6,RandomForestMSE_BAG_L1,0.9299669169028619,0.8628493514884547,3.866240978240967,2.5229334831237793,34.937586069107056,3.866240978240967,2.5229334831237793,34.937586069107056,1,True,1,2021-03-22 14:14:48.593532
bostonHousing,bostonHousing,6,NeuralNetMXNet_BAG_L1,0.9282983467841791,0.88507670457912,1.7269392013549805,0.9978122711181641,262.53691148757935,1.7269392013549805,0.9978122711181641,262.53691148757935,1,True,9,2021-03-22 14:14:48.593532
bostonHousing,bostonHousing,6,LightGBM_BAG_L1,0.9218762956556444,0.8728543475514032,0.46666502952575684,0.20879817008972168,153.54372358322144,0.46666502952575684,0.20879817008972168,153.54372358322144,1,True,5,2021-03-22 14:14:48.593532
bostonHousing,bostonHousing,6,WeightedEnsemble_L2_DSTL_KNOW,0.9172706490206635,0.8760366085579957,0.014976978302001953,0.005810737609863281,6.228394985198975,0.002054929733276367,0.00045800209045410156,0.22112393379211426,2,True,17,2021-03-22 14:14:48.593532
bostonHousing,bostonHousing,6,XGBoost_DSTL_KNOW,0.9164156197055106,0.8160766214927488,0.09704875946044922,0.003454923629760742,1.4884421825408936,0.09704875946044922,0.003454923629760742,1.4884421825408936,1,True,15,2021-03-22 14:14:48.593532
bostonHousing,bostonHousing,6,RandomForest_DSTL_BASE,0.9147721489782311,0.7849881780560859,0.03755497932434082,0.02869391441345215,0.38549017906188965,0.03755497932434082,0.02869391441345215,0.38549017906188965,1,True,20,2021-03-22 14:14:48.593532
bostonHousing,bostonHousing,6,LightGBM_DSTL_KNOW,0.9129438028043928,0.8756843286413775,0.009753942489624023,0.002998828887939453,1.469275951385498,0.009753942489624023,0.002998828887939453,1.469275951385498,1,True,12,2021-03-22 14:14:48.593532
bostonHousing,bostonHousing,6,LightGBM_DSTL_BASE,0.911970165638084,0.8606563830499132,0.005208015441894531,0.003328084945678711,2.4109249114990234,0.005208015441894531,0.003328084945678711,2.4109249114990234,1,True,18,2021-03-22 14:14:48.593532
bostonHousing,bostonHousing,6,LightGBMXT_BAG_L1,0.9091706851961795,0.8731449768232402,0.5710058212280273,0.2335827350616455,184.35006284713745,0.5710058212280273,0.2335827350616455,184.35006284713745,1,True,6,2021-03-22 14:14:48.593532
bostonHousing,bostonHousing,6,RandomForest_DSTL_KNOW,0.9077499476093754,0.7639076723925745,0.03847503662109375,0.028514862060546875,0.38121509552001953,0.03847503662109375,0.028514862060546875,0.38121509552001953,1,True,14,2021-03-22 14:14:48.593532
bostonHousing,bostonHousing,6,XGBoost_DSTL_BASE,0.8940018208876928,0.8063225923464993,0.07154583930969238,0.0040400028228759766,1.0655338764190674,0.07154583930969238,0.0040400028228759766,1.0655338764190674,1,True,21,2021-03-22 14:14:48.593532
bostonHousing,bostonHousing,6,LinearModel_DSTL_KNOW,0.8320118101451003,0.6070285574369932,0.0062580108642578125,0.007730960845947266,0.019888877868652344,0.0062580108642578125,0.007730960845947266,0.019888877868652344,1,True,16,2021-03-22 14:14:48.593532
bostonHousing,bostonHousing,6,LinearModel_DSTL_BASE,0.8267453327315333,0.6020624933475258,0.007155895233154297,0.007470846176147461,0.020443201065063477,0.007155895233154297,0.007470846176147461,0.020443201065063477,1,True,22,2021-03-22 14:14:48.593532
bostonHousing,bostonHousing,6,KNeighborsDist_BAG_L1,0.5126536900860112,0.5745406782489431,0.39809298515319824,0.4955456256866455,0.14078116416931152,0.39809298515319824,0.4955456256866455,0.14078116416931152,1,True,4,2021-03-22 14:14:48.593532
bostonHousing,bostonHousing,6,KNeighborsUnif_BAG_L1,0.4996906992776917,0.5376473906546794,0.38686680793762207,0.45510292053222656,0.13225293159484863,0.38686680793762207,0.45510292053222656,0.13225293159484863,1,True,3,2021-03-22 14:14:48.593532
bostonHousing,bostonHousing,7,XGBoost_BAG_L1,0.8333895398652583,0.8786443441815249,6.250470161437988,0.2719721794128418,97.46448636054993,6.250470161437988,0.2719721794128418,97.46448636054993,1,True,8,2021-03-22 14:34:37.972284
bostonHousing,bostonHousing,7,LightGBM_DSTL_BASE,0.8230667294527155,0.8432250386278343,0.012253761291503906,0.004377841949462891,3.583436965942383,0.012253761291503906,0.004377841949462891,3.583436965942383,1,True,18,2021-03-22 14:34:37.972284
bostonHousing,bostonHousing,7,CatBoost_BAG_L1,0.8198411494056292,0.8887580122110341,0.26954007148742676,0.147538423538208,147.04936695098877,0.26954007148742676,0.147538423538208,147.04936695098877,1,True,7,2021-03-22 14:34:37.972284
bostonHousing,bostonHousing,7,WeightedEnsemble_L2,0.8128213765890977,0.8962490422871657,8.044185161590576,3.90364933013916,424.1482014656067,0.003192901611328125,0.0004611015319824219,0.373762845993042,2,True,11,2021-03-22 14:34:37.972284
bostonHousing,bostonHousing,7,RandomForestMSE_BAG_L1,0.8003319501671105,0.8591954839069312,3.903568744659424,2.7124245166778564,37.40429639816284,3.903568744659424,2.7124245166778564,37.40429639816284,1,True,1,2021-03-22 14:34:37.972284
bostonHousing,bostonHousing,7,LightGBMLarge_BAG_L1,0.8002683178540486,0.8676815561035909,0.8972952365875244,0.20882058143615723,221.156756401062,0.8972952365875244,0.20882058143615723,221.156756401062,1,True,10,2021-03-22 14:34:37.972284
bostonHousing,bostonHousing,7,LightGBM_BAG_L1,0.7953476860558679,0.8733966879486242,0.4376540184020996,0.21371150016784668,145.1089608669281,0.4376540184020996,0.21371150016784668,145.1089608669281,1,True,5,2021-03-22 14:34:37.972284
bostonHousing,bostonHousing,7,NeuralNetMXNet_BAG_L1,0.7938935998923888,0.8883337787886441,1.796640157699585,1.0656592845916748,248.65851974487305,1.796640157699585,1.0656592845916748,248.65851974487305,1,True,9,2021-03-22 14:34:37.972284
bostonHousing,bostonHousing,7,WeightedEnsemble_L2_DSTL_BASE,0.7824737710388711,0.864975480994585,0.023645877838134766,0.014377832412719727,4.7371625900268555,0.002483367919921875,0.00043487548828125,0.21029305458068848,2,True,23,2021-03-22 14:34:37.972284
bostonHousing,bostonHousing,7,ExtraTreesMSE_BAG_L1,0.7724062801192124,0.8833778070539786,5.974812030792236,2.689990520477295,28.06655192375183,5.974812030792236,2.689990520477295,28.06655192375183,1,True,2,2021-03-22 14:34:37.972284
bostonHousing,bostonHousing,7,LightGBM_DSTL_KNOW,0.7601311516921467,0.8295976147670853,0.006876945495605469,0.002772808074951172,0.9144179821014404,0.006876945495605469,0.002772808074951172,0.9144179821014404,1,True,12,2021-03-22 14:34:37.972284
bostonHousing,bostonHousing,7,LightGBMXT_BAG_L1,0.7590605213623853,0.8779695235834414,0.6271519660949707,0.2458651065826416,189.49364280700684,0.6271519660949707,0.2458651065826416,189.49364280700684,1,True,6,2021-03-22 14:34:37.972284
bostonHousing,bostonHousing,7,CatBoost_DSTL_BASE,0.7314053463351491,0.8544337904105852,0.001522064208984375,0.0020780563354492188,0.9248087406158447,0.001522064208984375,0.0020780563354492188,0.9248087406158447,1,True,19,2021-03-22 14:34:37.972284
bostonHousing,bostonHousing,7,WeightedEnsemble_L2_DSTL_KNOW,0.7188124933233117,0.8473349521860902,0.013616800308227539,0.005348920822143555,7.112198829650879,0.0021898746490478516,0.0003960132598876953,0.21137380599975586,2,True,17,2021-03-22 14:34:37.972284
bostonHousing,bostonHousing,7,RandomForest_DSTL_BASE,0.7052408865353517,0.801480286110142,0.04055929183959961,0.029917001724243164,0.37657713890075684,0.04055929183959961,0.029917001724243164,0.37657713890075684,1,True,20,2021-03-22 14:34:37.972284
bostonHousing,bostonHousing,7,CatBoost_DSTL_KNOW,0.6995678854722793,0.8456812999918457,0.004549980163574219,0.0021800994873046875,5.986407041549683,0.004549980163574219,0.0021800994873046875,5.986407041549683,1,True,13,2021-03-22 14:34:37.972284
bostonHousing,bostonHousing,7,XGBoost_DSTL_BASE,0.6630072041598389,0.8108470207901946,0.058827877044677734,0.0031049251556396484,0.7994382381439209,0.058827877044677734,0.0031049251556396484,0.7994382381439209,1,True,21,2021-03-22 14:34:37.972284
bostonHousing,bostonHousing,7,XGBoost_DSTL_KNOW,0.6417721815128559,0.8082925569133346,0.09061408042907715,0.0031280517578125,1.2459700107574463,0.09061408042907715,0.0031280517578125,1.2459700107574463,1,True,15,2021-03-22 14:34:37.972284
bostonHousing,bostonHousing,7,RandomForest_DSTL_KNOW,0.6373317702367151,0.7964260064029938,0.0413818359375,0.024374961853027344,0.3458280563354492,0.0413818359375,0.024374961853027344,0.3458280563354492,1,True,14,2021-03-22 14:34:37.972284
bostonHousing,bostonHousing,7,LinearModel_DSTL_BASE,0.5624669524550863,0.7168379072448442,0.007386684417724609,0.007487058639526367,0.018623828887939453,0.007386684417724609,0.007487058639526367,0.018623828887939453,1,True,22,2021-03-22 14:34:37.972284
bostonHousing,bostonHousing,7,LinearModel_DSTL_KNOW,0.5363725047104011,0.717472429083726,0.00696110725402832,0.007829904556274414,0.019642114639282227,0.00696110725402832,0.007829904556274414,0.019642114639282227,1,True,16,2021-03-22 14:34:37.972284
bostonHousing,bostonHousing,7,KNeighborsDist_BAG_L1,0.4622807543976334,0.5695724372996467,0.4601421356201172,0.5093138217926025,0.1442089080810547,0.4601421356201172,0.5093138217926025,0.1442089080810547,1,True,4,2021-03-22 14:34:37.972284
bostonHousing,bostonHousing,7,KNeighborsUnif_BAG_L1,0.36644103148588936,0.5368211801174954,0.4744598865509033,0.474062442779541,0.13717031478881836,0.4744598865509033,0.474062442779541,0.13717031478881836,1,True,3,2021-03-22 14:34:37.972284
bostonHousing,bostonHousing,8,CatBoost_DSTL_KNOW,0.8504480831391661,0.8472199660476091,0.0025298595428466797,0.0020737648010253906,2.399293899536133,0.0025298595428466797,0.0020737648010253906,2.399293899536133,1,True,13,2021-03-22 14:54:14.182899
bostonHousing,bostonHousing,8,CatBoost_BAG_L1,0.8398744832097659,0.9013487704283566,0.2776799201965332,0.1334371566772461,155.6457531452179,0.2776799201965332,0.1334371566772461,155.6457531452179,1,True,7,2021-03-22 14:54:14.182899
bostonHousing,bostonHousing,8,LightGBMXT_BAG_L1,0.8013865620729033,0.8861122956313501,0.6458749771118164,0.220933198928833,180.3165409564972,0.6458749771118164,0.220933198928833,180.3165409564972,1,True,6,2021-03-22 14:54:14.182899
bostonHousing,bostonHousing,8,CatBoost_DSTL_BASE,0.8013055691018401,0.8604185616585764,0.002109050750732422,0.001986980438232422,0.9997720718383789,0.002109050750732422,0.001986980438232422,0.9997720718383789,1,True,19,2021-03-22 14:54:14.182899
bostonHousing,bostonHousing,8,ExtraTreesMSE_BAG_L1,0.7976444517339989,0.8892895914185404,5.406765937805176,2.4379842281341553,25.244447946548462,5.406765937805176,2.4379842281341553,25.244447946548462,1,True,2,2021-03-22 14:54:14.182899
bostonHousing,bostonHousing,8,XGBoost_BAG_L1,0.773516352601196,0.907949636087306,6.0244669914245605,0.24386000633239746,94.28461790084839,6.0244669914245605,0.24386000633239746,94.28461790084839,1,True,8,2021-03-22 14:54:14.182899
bostonHousing,bostonHousing,8,WeightedEnsemble_L2_DSTL_BASE,0.7652683404885202,0.8692605012101888,0.07692098617553711,0.0057108402252197266,2.2009778022766113,0.004071950912475586,0.00043892860412597656,0.21903586387634277,2,True,23,2021-03-22 14:54:14.182899
bostonHousing,bostonHousing,8,LightGBM_BAG_L1,0.7642886286827435,0.8868000513939047,0.5718190670013428,0.20813250541687012,158.97937607765198,0.5718190670013428,0.20813250541687012,158.97937607765198,1,True,5,2021-03-22 14:54:14.182899
bostonHousing,bostonHousing,8,RandomForest_DSTL_KNOW,0.7642779200524868,0.7986792707318041,0.0380702018737793,0.026724815368652344,0.35460615158081055,0.0380702018737793,0.026724815368652344,0.35460615158081055,1,True,14,2021-03-22 14:54:14.182899
bostonHousing,bostonHousing,8,LightGBM_DSTL_KNOW,0.7568737258688069,0.816808463513975,0.009484052658081055,0.003145933151245117,1.4235270023345947,0.009484052658081055,0.003145933151245117,1.4235270023345947,1,True,12,2021-03-22 14:54:14.182899
bostonHousing,bostonHousing,8,RandomForestMSE_BAG_L1,0.7524380489254667,0.8775860115534938,3.4763877391815186,2.4527320861816406,33.61426568031311,3.4763877391815186,2.4527320861816406,33.61426568031311,1,True,1,2021-03-22 14:54:14.182899
bostonHousing,bostonHousing,8,LightGBM_DSTL_BASE,0.7489323954227054,0.7899125244331986,0.0038237571716308594,0.0029659271240234375,1.7000038623809814,0.0038237571716308594,0.0029659271240234375,1.7000038623809814,1,True,18,2021-03-22 14:54:14.182899
bostonHousing,bostonHousing,8,XGBoost_DSTL_KNOW,0.747243898736597,0.8708169730449605,0.08975911140441895,0.003582000732421875,1.1920218467712402,0.08975911140441895,0.003582000732421875,1.1920218467712402,1,True,15,2021-03-22 14:54:14.182899
bostonHousing,bostonHousing,8,WeightedEnsemble_L2_DSTL_KNOW,0.747243898736597,0.8708169730449605,0.09349298477172852,0.004006385803222656,1.4039080142974854,0.0037338733673095703,0.00042438507080078125,0.21188616752624512,2,True,17,2021-03-22 14:54:14.182899
bostonHousing,bostonHousing,8,XGBoost_DSTL_BASE,0.7333246371674642,0.8662628502128531,0.0707399845123291,0.003284931182861328,0.9821698665618896,0.0707399845123291,0.003284931182861328,0.9821698665618896,1,True,21,2021-03-22 14:54:14.182899
bostonHousing,bostonHousing,8,WeightedEnsemble_L2,0.7325323915464681,0.9212706495903672,7.70889139175415,1.2093191146850586,334.3686077594757,0.003287076950073242,0.0004837512969970703,0.3801910877227783,2,True,11,2021-03-22 14:54:14.182899
bostonHousing,bostonHousing,8,RandomForest_DSTL_BASE,0.727016590056994,0.811813995599011,0.03718304634094238,0.03216290473937988,0.38760805130004883,0.03718304634094238,0.03216290473937988,0.38760805130004883,1,True,20,2021-03-22 14:54:14.182899
bostonHousing,bostonHousing,8,LightGBMLarge_BAG_L1,0.7198481323474569,0.8963345766341995,0.9277009963989258,0.19498610496520996,220.8025562763214,0.9277009963989258,0.19498610496520996,220.8025562763214,1,True,10,2021-03-22 14:54:14.182899
bostonHousing,bostonHousing,8,NeuralNetMXNet_BAG_L1,0.6887550576223311,0.9151307160107214,1.6811373233795166,0.9649753570556641,239.70379877090454,1.6811373233795166,0.9649753570556641,239.70379877090454,1,True,9,2021-03-22 14:54:14.182899
bostonHousing,bostonHousing,8,LinearModel_DSTL_KNOW,0.6257509417316592,0.7117816494408207,0.007362842559814453,0.0075299739837646484,0.018841981887817383,0.007362842559814453,0.0075299739837646484,0.018841981887817383,1,True,16,2021-03-22 14:54:14.182899
bostonHousing,bostonHousing,8,KNeighborsDist_BAG_L1,0.6205673539632857,0.5722277991736154,0.3775298595428467,0.45703983306884766,0.13189935684204102,0.3775298595428467,0.45703983306884766,0.13189935684204102,1,True,4,2021-03-22 14:54:14.182899
bostonHousing,bostonHousing,8,LinearModel_DSTL_BASE,0.6146253438248259,0.7117214984622771,0.007935047149658203,0.008895158767700195,0.020108938217163086,0.007935047149658203,0.008895158767700195,0.020108938217163086,1,True,22,2021-03-22 14:54:14.182899
bostonHousing,bostonHousing,8,KNeighborsUnif_BAG_L1,0.5838336976006346,0.5323346612169415,0.3980739116668701,0.4291231632232666,0.12540316581726074,0.3980739116668701,0.4291231632232666,0.12540316581726074,1,True,3,2021-03-22 14:54:14.182899
bostonHousing,bostonHousing,9,ExtraTreesMSE_BAG_L1,0.9388182123875172,0.8746096496054554,6.082581996917725,2.644803285598755,27.85323715209961,6.082581996917725,2.644803285598755,27.85323715209961,1,True,2,2021-03-22 15:13:37.278567
bostonHousing,bostonHousing,9,NeuralNetMXNet_BAG_L1,0.9304519520301489,0.8953217556734056,1.732274055480957,1.0957329273223877,259.96443724632263,1.732274055480957,1.0957329273223877,259.96443724632263,1,True,9,2021-03-22 15:13:37.278567
bostonHousing,bostonHousing,9,WeightedEnsemble_L2,0.9299057145226034,0.9053061644225341,8.41552186012268,1.9942383766174316,474.2683312892914,0.0035810470581054688,0.0004050731658935547,0.34000110626220703,2,True,11,2021-03-22 15:13:37.278567
bostonHousing,bostonHousing,9,XGBoost_BAG_L1,0.91255776394833,0.8922275408280859,5.933764696121216,0.26160693168640137,85.15427756309509,5.933764696121216,0.26160693168640137,85.15427756309509,1,True,8,2021-03-22 15:13:37.278567
bostonHousing,bostonHousing,9,CatBoost_DSTL_KNOW,0.9105914651685046,0.8470748935284461,0.002171039581298828,0.0017609596252441406,1.6032021045684814,0.002171039581298828,0.0017609596252441406,1.6032021045684814,1,True,13,2021-03-22 15:13:37.278567
bostonHousing,bostonHousing,9,CatBoost_BAG_L1,0.9096523718786816,0.8926058571071125,0.2992990016937256,0.14145827293395996,128.66806554794312,0.2992990016937256,0.14145827293395996,128.66806554794312,1,True,7,2021-03-22 15:13:37.278567
bostonHousing,bostonHousing,9,CatBoost_DSTL_BASE,0.9088803404034426,0.8741228878108407,0.0020122528076171875,0.0017619132995605469,0.5302901268005371,0.0020122528076171875,0.0017619132995605469,0.5302901268005371,1,True,19,2021-03-22 15:13:37.278567
bostonHousing,bostonHousing,9,LightGBMLarge_BAG_L1,0.9070103929035187,0.873669336811249,0.8767600059509277,0.21143150329589844,220.49164295196533,0.8767600059509277,0.21143150329589844,220.49164295196533,1,True,10,2021-03-22 15:13:37.278567
bostonHousing,bostonHousing,9,WeightedEnsemble_L2_DSTL_BASE,0.9057888911139811,0.8879316881939296,0.017574071884155273,0.014851570129394531,2.8918113708496094,0.003392934799194336,0.0005359649658203125,0.22536802291870117,2,True,23,2021-03-22 15:13:37.278567
bostonHousing,bostonHousing,9,RandomForest_DSTL_BASE,0.9038498679009979,0.8345675304964084,0.04814291000366211,0.030350685119628906,0.39717602729797363,0.04814291000366211,0.030350685119628906,0.39717602729797363,1,True,20,2021-03-22 15:13:37.278567
bostonHousing,bostonHousing,9,RandomForestMSE_BAG_L1,0.8973390354794977,0.868059722311131,3.694953203201294,2.6975595951080322,37.149054288864136,3.694953203201294,2.6975595951080322,37.149054288864136,1,True,1,2021-03-22 15:13:37.278567
bostonHousing,bostonHousing,9,LightGBMXT_BAG_L1,0.8944885353710035,0.8731356885680231,0.6533689498901367,0.2371838092803955,174.30152893066406,0.6533689498901367,0.2371838092803955,174.30152893066406,1,True,6,2021-03-22 15:13:37.278567
bostonHousing,bostonHousing,9,XGBoost_DSTL_KNOW,0.893520545779427,0.8696155313532088,0.09329009056091309,0.003409147262573242,1.2566900253295898,0.09329009056091309,0.003409147262573242,1.2566900253295898,1,True,15,2021-03-22 15:13:37.278567
bostonHousing,bostonHousing,9,XGBoost_DSTL_BASE,0.8925293788241234,0.850457537291775,0.04579901695251465,0.0030126571655273438,0.794924259185791,0.04579901695251465,0.0030126571655273438,0.794924259185791,1,True,21,2021-03-22 15:13:37.278567
bostonHousing,bostonHousing,9,RandomForest_DSTL_KNOW,0.8875915772688572,0.8005773986977537,0.048007965087890625,0.025107145309448242,0.3707897663116455,0.048007965087890625,0.025107145309448242,0.3707897663116455,1,True,14,2021-03-22 15:13:37.278567
bostonHousing,bostonHousing,9,LightGBM_DSTL_BASE,0.885158022201366,0.8729372283850403,0.0044019222259521484,0.002833843231201172,2.113345146179199,0.0044019222259521484,0.002833843231201172,2.113345146179199,1,True,18,2021-03-22 15:13:37.278567
bostonHousing,bostonHousing,9,LightGBM_BAG_L1,0.8849978158071568,0.8756098135733682,0.5768730640411377,0.22560667991638184,161.61876511573792,0.5768730640411377,0.22560667991638184,161.61876511573792,1,True,5,2021-03-22 15:13:37.278567
bostonHousing,bostonHousing,9,WeightedEnsemble_L2_DSTL_KNOW,0.8838109718676814,0.8895435697923495,0.10350728034973145,0.006347179412841797,2.1329329013824463,0.00392603874206543,0.00047397613525390625,0.2141878604888916,2,True,17,2021-03-22 15:13:37.278567
bostonHousing,bostonHousing,9,LightGBM_DSTL_KNOW,0.8771017043388454,0.8874961327495128,0.00629115104675293,0.0024640560150146484,0.6620550155639648,0.00629115104675293,0.0024640560150146484,0.6620550155639648,1,True,12,2021-03-22 15:13:37.278567
bostonHousing,bostonHousing,9,LinearModel_DSTL_KNOW,0.7771620467649447,0.7413428659976189,0.007219791412353516,0.00757908821105957,0.018405914306640625,0.007219791412353516,0.00757908821105957,0.018405914306640625,1,True,16,2021-03-22 15:13:37.278567
bostonHousing,bostonHousing,9,LinearModel_DSTL_BASE,0.7768486783511918,0.7438676511888125,0.0077669620513916016,0.0097198486328125,0.022808074951171875,0.0077669620513916016,0.0097198486328125,0.022808074951171875,1,True,22,2021-03-22 15:13:37.278567
bostonHousing,bostonHousing,9,KNeighborsDist_BAG_L1,0.6527311648589369,0.5648604082648443,0.44660305976867676,0.49503517150878906,0.14154982566833496,0.44660305976867676,0.49503517150878906,0.14154982566833496,1,True,4,2021-03-22 15:13:37.278567
bostonHousing,bostonHousing,9,KNeighborsUnif_BAG_L1,0.6273773015881958,0.5248742749020752,0.43263888359069824,0.47239136695861816,0.13690686225891113,0.43263888359069824,0.47239136695861816,0.13690686225891113,1,True,3,2021-03-22 15:13:37.278567
concrete,concrete,0,LightGBM_BAG_L1,0.9410531892257559,0.9402650038563698,0.23742175102233887,0.05201101303100586,48.16787767410278,0.23742175102233887,0.05201101303100586,48.16787767410278,1,True,5,2021-03-22 15:32:23.767250
concrete,concrete,0,LightGBM_DSTL_KNOW,0.9397463464258055,0.9402265668407891,0.0195157527923584,0.0048787593841552734,1.628803014755249,0.0195157527923584,0.0048787593841552734,1.628803014755249,1,True,23,2021-03-22 15:32:23.767250
concrete,concrete,0,ExtraTreesMSE_BAG_L2,0.938591582931209,0.946793480750455,12.835486888885498,3.321152448654175,406.0926332473755,4.5544140338897705,1.5997564792633057,18.961345195770264,2,True,13,2021-03-22 15:32:23.767250
concrete,concrete,0,WeightedEnsemble_L3,0.9375763791873974,0.9476793188088526,14.491940975189209,4.44894552230835,721.374657869339,0.004229307174682617,0.00046896934509277344,0.38471078872680664,3,True,22,2021-03-22 15:32:23.767250
concrete,concrete,0,LightGBMXT_BAG_L1,0.9375203517210643,0.9435931579678162,0.4020822048187256,0.0663747787475586,76.37310147285461,0.4020822048187256,0.0663747787475586,76.37310147285461,1,True,6,2021-03-22 15:32:23.767250
concrete,concrete,0,XGBoost_BAG_L1,0.9365335956736817,0.9404104562109987,3.644602060317993,0.06606674194335938,43.29979848861694,3.644602060317993,0.06606674194335938,43.29979848861694,1,True,8,2021-03-22 15:32:23.767250
concrete,concrete,0,WeightedEnsemble_L2_DSTL_KNOW,0.9352224615073811,0.951784054204326,0.03341841697692871,0.008291959762573242,12.293151617050171,0.003975868225097656,0.00045609474182128906,0.22798991203308105,2,True,28,2021-03-22 15:32:23.767250
concrete,concrete,0,LightGBM_DSTL_BASE,0.9346004146782272,0.9294837766264217,0.01020193099975586,0.00356292724609375,3.057960033416748,0.01020193099975586,0.00356292724609375,3.057960033416748,1,True,29,2021-03-22 15:32:23.767250
concrete,concrete,0,NeuralNetMXNet_BAG_L2,0.9339230511775183,0.9447401739890839,9.132075786590576,2.152764320373535,564.9205324649811,0.8510029315948486,0.431368350982666,177.78924441337585,2,True,20,2021-03-22 15:32:23.767250
concrete,concrete,0,CatBoost_BAG_L1,0.9336845681324998,0.94947851285538,0.0766141414642334,0.02749490737915039,61.99657464027405,0.0766141414642334,0.02749490737915039,61.99657464027405,1,True,7,2021-03-22 15:32:23.767250
concrete,concrete,0,WeightedEnsemble_L2_DSTL_BASE,0.9335205180330989,0.9420703177624469,0.01912093162536621,0.006120920181274414,7.91780424118042,0.005677223205566406,0.00045800209045410156,0.22658300399780273,2,True,34,2021-03-22 15:32:23.767250
concrete,concrete,0,CatBoost_DSTL_KNOW,0.9325794938519176,0.9514511530809463,0.009926795959472656,0.0029571056365966797,10.43635869026184,0.009926795959472656,0.0029571056365966797,10.43635869026184,1,True,24,2021-03-22 15:32:23.767250
concrete,concrete,0,WeightedEnsemble_L2,0.932106423486291,0.950415373163774,4.675432205200195,0.3394606113433838,302.2988555431366,0.004042863845825195,0.0004291534423828125,0.3576059341430664,2,True,11,2021-03-22 15:32:23.767250
concrete,concrete,0,LightGBMLarge_BAG_L2,0.9316072835351595,0.9431491692751445,8.899394989013672,1.8474414348602295,549.1848113536835,0.6183221340179443,0.12604546546936035,162.05352330207825,2,True,21,2021-03-22 15:32:23.767250
concrete,concrete,0,CatBoost_BAG_L2,0.9314468449404982,0.9450988985781015,8.428937911987305,1.8061306476593018,440.62120246887207,0.14786505699157715,0.08473467826843262,53.489914417266846,2,True,18,2021-03-22 15:32:23.767250
concrete,concrete,0,CatBoost_DSTL_BASE,0.9306354818633739,0.9416778038639083,0.0032417774200439453,0.0020999908447265625,4.633261203765869,0.0032417774200439453,0.0020999908447265625,4.633261203765869,1,True,30,2021-03-22 15:32:23.767250
concrete,concrete,0,XGBoost_DSTL_BASE,0.9305704376723739,0.9281227255744842,0.3181619644165039,0.006150007247924805,4.100090980529785,0.3181619644165039,0.006150007247924805,4.100090980529785,1,True,32,2021-03-22 15:32:23.767250
concrete,concrete,0,RandomForestMSE_BAG_L2,0.930373134082557,0.9453500664388047,11.963309049606323,3.294518232345581,415.2587652206421,3.6822361946105957,1.573122262954712,28.127477169036865,2,True,12,2021-03-22 15:32:23.767250
concrete,concrete,0,LightGBM_BAG_L2,0.9295410825935754,0.9446071529005564,8.50547170639038,1.8449549674987793,470.6646132469177,0.22439885139465332,0.12355899810791016,83.5333251953125,2,True,16,2021-03-22 15:32:23.767250
concrete,concrete,0,LightGBMXT_BAG_L2,0.9281449224908802,0.9415067346029341,8.517605066299438,1.8507814407348633,462.2939212322235,0.23653221130371094,0.12938547134399414,75.16263318061829,2,True,17,2021-03-22 15:32:23.767250
concrete,concrete,0,XGBoost_DSTL_KNOW,0.9280821072785778,0.9343595493205495,0.2882509231567383,0.0066509246826171875,3.850651979446411,0.2882509231567383,0.0066509246826171875,3.850651979446411,1,True,26,2021-03-22 15:32:23.767250
concrete,concrete,0,XGBoost_BAG_L2,0.9243031028568052,0.9419057711634082,11.150489807128906,1.8957924842834473,433.6349084377289,2.8694169521331787,0.17439651489257812,46.50362038612366,2,True,19,2021-03-22 15:32:23.767250
concrete,concrete,0,LightGBMLarge_BAG_L1,0.9144266555846464,0.9293245222470566,0.5154769420623779,0.05198335647583008,71.9500093460083,0.5154769420623779,0.05198335647583008,71.9500093460083,1,True,10,2021-03-22 15:32:23.767250
concrete,concrete,0,RandomForestMSE_BAG_L1,0.9034453077061684,0.9168720847435335,1.3178718090057373,0.5298364162445068,7.447684049606323,1.3178718090057373,0.5298364162445068,7.447684049606323,1,True,1,2021-03-22 15:32:23.767250
concrete,concrete,0,ExtraTreesMSE_BAG_L1,0.9013716955209572,0.9248627903127155,1.5839307308197021,0.5364477634429932,5.720991611480713,1.5839307308197021,0.5364477634429932,5.720991611480713,1,True,2,2021-03-22 15:32:23.767250
concrete,concrete,0,RandomForest_DSTL_BASE,0.8880253110498793,0.8941394223877843,0.06079220771789551,0.030614852905273438,0.40153002738952637,0.06079220771789551,0.030614852905273438,0.40153002738952637,1,True,31,2021-03-22 15:32:23.767250
concrete,concrete,0,NeuralNetMXNet_BAG_L1,0.8876292517791596,0.9316042655928725,0.3106691837310791,0.12708401679992676,72.10389733314514,0.3106691837310791,0.12708401679992676,72.10389733314514,1,True,9,2021-03-22 15:32:23.767250
concrete,concrete,0,RandomForest_DSTL_KNOW,0.8861767319068121,0.8979733747672508,0.07108592987060547,0.030910968780517578,0.40058207511901855,0.07108592987060547,0.030910968780517578,0.40058207511901855,1,True,25,2021-03-22 15:32:23.767250
concrete,concrete,0,KNeighborsDist_BAG_L2,0.7970294706096714,0.8831677848121947,8.710030794143677,2.2090580463409424,387.2161178588867,0.4289579391479492,0.48766207695007324,0.08482980728149414,2,True,15,2021-03-22 15:32:23.767250
concrete,concrete,0,KNeighborsUnif_BAG_L2,0.7719680996889182,0.8475042689771967,8.713181495666504,2.2042148113250732,387.2156927585602,0.43210864067077637,0.4828188419342041,0.08440470695495605,2,True,14,2021-03-22 15:32:23.767250
concrete,concrete,0,KNeighborsDist_BAG_L1,0.6720810226354956,0.7964758091126538,0.10236287117004395,0.15233898162841797,0.038343191146850586,0.10236287117004395,0.15233898162841797,0.038343191146850586,1,True,4,2021-03-22 15:32:23.767250
concrete,concrete,0,LinearModel_DSTL_BASE,0.6609521021341498,0.7798813320957957,0.006139993667602539,0.0034360885620117188,0.01317906379699707,0.006139993667602539,0.0034360885620117188,0.01317906379699707,1,True,33,2021-03-22 15:32:23.767250
concrete,concrete,0,LinearModel_DSTL_KNOW,0.6597407491557872,0.7801679707607418,0.004523038864135742,0.003904104232788086,0.014133930206298828,0.004523038864135742,0.003904104232788086,0.014133930206298828,1,True,27,2021-03-22 15:32:23.767250
concrete,concrete,0,KNeighborsUnif_BAG_L1,0.631936027161073,0.7175507989954018,0.0900411605834961,0.11175799369812012,0.033010244369506836,0.0900411605834961,0.11175799369812012,0.033010244369506836,1,True,3,2021-03-22 15:32:23.767250
