lostcolumn,x,y,z
0.5769778464775016,-16.595599059485195,NA,fixed
0.875388738450687,NA,class2,fixed
0.6085654369735587,-99.97712503653102,class1,fixed
0.2516595841523237,-39.53348547363205,class1,fixed
0.2961299234959044,-70.64882183657738,class0,fixed
0.5329225590316532,-81.53228104624044,class0,fixed
0.9620782128470935,-62.74795772446582,class0,NA
0.18449560449017766,-30.88785459139045,class1,fixed
0.509898378143109,NA,class0,fixed
0.3437881034368444,7.7633468006713855,class2,fixed
0.7697253449571857,-16.161097119341036,class1,fixed
0.802866486432424,37.043900079351886,class2,fixed
0.4245599103022166,-59.109550053696516,NA,fixed
0.20412249999433585,75.62348727818909,class2,NA
0.06708946032885532,-94.52248136041477,NA,fixed
0.1986482644205615,34.093502035680444,class1,NA
0.2724008501293822,-16.539039526574612,class1,fixed
0.5987889179092104,11.737965689150329,class2,fixed
0.8730834972744356,-71.92261228095325,class0,fixed
0.1282309388454863,-60.37970218302424,class0,fixed
0.958188741714896,60.14891373510733,class2,fixed
0.6831708438541465,93.65231514387949,NA,fixed
0.7419642356783802,-37.31516436815143,class1,fixed
0.9828807859209906,NA,class2,fixed
0.41610077261814205,75.27783045920765,NA,fixed
0.5315834658959018,78.92133270076945,class0,NA
0.6792129501957186,-82.99115772604442,class2,NA
0.5128751425899913,-92.18904335342353,class0,fixed
0.2991123446608356,NA,class1,fixed
0.10538467273003926,75.62850068588261,class3,fixed
0.28493214572214476,-80.33063323338999,class0,fixed
0.7688528482877579,-15.778474998989566,NA,NA
0.6407827044518462,NA,class0,NA
0.8013307032031926,6.6330569946034075,class2,fixed
0.5171205319704266,38.37542279009466,class2,fixed
0.23210002184633505,-36.89687379878741,class0,fixed
0.6279619269819027,37.30018553631675,class2,NA
0.30400549002230315,66.92513437947457,NA,fixed
0.029528744942020957,-96.34234453116164,class1,NA
0.9033311768168756,50.028862988993495,class2,fixed
0.4203695688027851,97.77221778129893,class0,fixed
0.4261307804247122,49.63313087596788,class2,fixed
0.7412517353318591,-43.91120158711897,class1,fixed
0.9484584043057936,57.85586569029769,class3,fixed
0.07251552804546335,-79.3547986844716,class3,NA
0.17270108813227492,-10.421294764818967,class1,fixed
0.3223574891327107,81.71910061861911,NA,fixed
0.248424246330199,-41.2771703252641,NA,fixed
0.49549498136119297,NA,class2,fixed
0.8244596107976835,-73.99428557634447,class0,fixed
0.8539724149421759,-96.12660842594059,class0,fixed
0.5958299420587015,NA,class3,fixed
0.24017373383106666,-57.674376799988195,class0,fixed
0.18649268827268528,-46.890668125554754,NA,NA
0.743390512402039,-1.6853681439323367,class2,fixed
0.23721405764354764,-89.32749097658393,class0,fixed
0.5394908909265497,NA,class2,NA
0.7492807871271918,-70.65428501883797,class0,fixed
0.22824910461538594,NA,class2,fixed
0.17450118757274402,NA,class2,fixed
0.03973568657585125,-79.53311423443483,class1,fixed
0.14756883769994755,-17.188802436086334,class0,NA
0.8514389069469908,38.88003154554903,NA,fixed
0.10463591174495857,-17.16414609461947,class2,fixed
0.2236450455273178,-90.00930821078256,class0,fixed
0.03275719974597713,7.179281183102319,class2,NA
0.6763566354512786,32.75892904395775,class2,fixed
0.2317031414647196,2.9778224116617196,class2,fixed
0.4135917178017643,88.91895119816266,class2,fixed
0.13930117132372677,17.31100810039858,class2,fixed
0.3772172876115065,80.6803830575767,class0,NA
0.4244374662396153,-72.5050591707525,class2,NA
0.4729649518600131,-72.14473054984829,class0,fixed
0.4228418130386131,61.47825774190477,class2,NA
0.10275656387416432,NA,class2,fixed
0.772580266631544,-66.92916057661344,class0,fixed
0.1372060034899114,85.50171607920677,class2,NA
0.424292374325812,-30.446828050898688,class1,fixed
0.2719561124527795,50.162420627231114,class2,NA
0.3010079430799063,45.199597070090306,class2,fixed
0.6724207725864325,76.66121824116198,class2,fixed
0.5177867238134145,24.73444141112178,class2,fixed
0.19008705047994057,50.18848680546745,class2,NA
0.4691344398333771,NA,class1,fixed
0.3395408687963035,-46.01442164699478,class1,NA
0.7044971982481261,79.17724363921337,class2,fixed
0.226095202432549,NA,class1,fixed
0.8449881373583452,92.96800942967712,class1,fixed
0.5262296648916304,NA,class1,fixed
0.5006195729230891,24.339144041824355,class2,fixed
0.25368580688768017,-77.05080540932497,class0,fixed
0.18615566973666398,89.89785174141426,class3,fixed
0.4718190627375968,-10.01757330401189,class1,fixed
0.9818244178252573,15.677922877426354,class2,fixed
0.13290623766182708,-18.372639447743765,class1,fixed
0.28346243242805713,-52.59460395139446,class0,fixed
0.800641174283456,80.67590411245075,class0,NA
0.6647768985107549,14.735897334457178,class2,NA
0.27875840869343704,-99.4259345937682,class3,fixed
0.31464760677511183,23.428982724144774,class2,fixed
0.41994825440192907,-34.67101964558077,class1,NA
0.6027867622422961,5.411620451521856,NA,fixed
0.7193387672210755,77.18841986215489,class0,NA
0.8573003334512307,-28.546047999500047,class1,NA
0.6811114704584097,81.70703018395983,NA,fixed
0.23698206447169834,24.672023158360545,NA,NA
0.92572053533626,-96.83575143068875,class2,NA
0.7811954006757661,NA,class2,fixed
0.3073814804278443,38.1793835033848,class2,fixed
0.3049656416420632,99.46457009029609,class2,NA
0.8811683184289046,-65.5318983309343,NA,fixed
0.1260784803971985,NA,class0,fixed
0.6334608342357256,86.51909260743273,class2,fixed
0.2777127324734242,39.36363229798005,class2,fixed
0.8272003251393062,NA,NA,fixed
0.3645234475558883,51.09261052049328,class2,fixed
0.733366094468834,NA,class0,fixed
0.1924178904137388,NA,class2,fixed
0.4814458975407394,42.30495172569434,class2,NA
0.8035946264310272,-75.14580760556706,class0,NA
0.39698821167237397,NA,NA,NA
0.16157403985608987,-94.75780262445615,NA,fixed
0.6489822226486474,NA,class3,NA
0.7533258058943924,NA,class0,fixed
0.2801926353730937,72.0055897365776,class2,fixed
0.45136186123240163,7.76621286833057,NA,fixed
0.9004489123860653,10.564395737153177,NA,fixed
0.8719856311909184,68.40617847192115,NA,fixed
0.7071876097841823,NA,class0,fixed
0.5909005994904067,-44.1632641977721,class1,fixed
0.8173822703971256,17.15185429165757,class2,fixed
0.907644646099839,93.91914966393492,class2,fixed
0.0025075596679231538,NA,class2,fixed
0.39722776623376177,-96.2705421254114,class0,NA
0.5614096837184815,NA,NA,NA
0.7339231362848766,NA,class0,fixed
0.08747276218504352,61.42103912375583,class3,NA
0.3997549876808645,-22.42787118716565,class1,fixed
0.2796211794498489,72.70837091188574,NA,fixed
0.42351005310518297,49.424328547436915,class2,fixed
0.49797863267328835,11.248046798083777,class0,NA
0.660015223526051,-72.708954867863,class0,fixed
0.4962361389702792,-88.01646209755766,class0,fixed
0.6204682006051905,NA,class0,fixed
0.5824398618892226,-91.08962429104766,class0,fixed
0.42833239803885637,-78.50117417878141,class0,fixed
0.004976364711265391,-54.85813227842906,class0,fixed
0.19451641385960183,NA,NA,fixed
0.3202066542862888,11.943396410828484,NA,fixed
0.1469781258549313,-97.48880396817682,class0,fixed
0.5986638816064357,-85.60514406210265,class1,NA
0.6114994766596024,93.4552660000544,class2,fixed
0.5000932595969295,13.620092383988421,class2,fixed
0.32084890160086454,NA,NA,NA
0.6532580520244544,-49.534851085935315,class1,fixed
0.19028348267904371,NA,NA,fixed
0.0058809814446282305,-60.914103778136244,class0,fixed
0.7349420186839615,16.27178545465155,class2,fixed
0.4435038419039351,94.00399781766248,class2,fixed
0.6978416560498484,69.36576029800705,NA,fixed
0.185043349636976,-52.03044817048277,class0,fixed
0.06261980198391548,-1.246057146254003,NA,fixed
0.3781085867830213,23.991143676275954,class1,fixed
0.695996510445494,65.79617991003573,class2,fixed
0.10281836745431583,-68.64172107078315,class0,fixed
0.19583423367499242,-96.2847595645181,NA,fixed
0.4539526504065199,-85.99557125615553,class0,NA
0.6211491896936461,-2.730977812593636,class1,fixed
0.750124248068985,21.265892330666077,class2,fixed
0.1097350212856566,13.770287417296274,class1,fixed
0.6246236071556411,NA,class1,fixed
0.3873605221444808,97.72323088248979,class2,fixed
0.670090368747807,NA,class2,fixed
0.2035603776619016,-23.971765475289914,class0,fixed
0.5279187975307311,10.18964382357936,class2,fixed
0.1721625549559327,49.06688618130042,class2,fixed
0.018681005996375344,33.84657869063693,class2,fixed
0.4869502464239571,-47.016088467438124,class2,fixed
0.18417777656089307,-86.73303311431168,class0,fixed
0.6383433300033875,-25.983160417178738,class2,fixed
0.5365748193404329,25.943501404312897,class2,fixed
0.7749453799977457,-57.96519801703208,class0,fixed
0.3929599026342032,50.55111074776278,class2,fixed
0.9894521308362529,-86.69270372917701,class0,fixed
0.5152146961620737,-47.936980284291806,class2,fixed
0.47882340118547173,60.95091274866908,class2,fixed
0.7494424707521696,-61.313143475334456,class2,fixed
0.5726882932924154,NA,class2,NA
0.3624653173000254,4.934061824746735,class2,fixed
0.48924478546014216,NA,class2,fixed
0.18913837493884977,-47.340645902577805,NA,NA
0.39358341429686194,-86.80778186319525,class0,NA
0.029961752524048535,47.013192657733896,NA,fixed
0.46252906034220287,54.435605908649364,class2,fixed
0.2744741128035708,81.56317050070481,class2,NA
0.5267158603586157,86.39441383936745,class2,fixed
0.029272121403112528,-97.2096854048806,class0,NA
0.5550867665221745,-53.1275827757159,class0,NA
0.2929978836283572,23.355671400331516,class2,fixed
0.5774906810135474,NA,class2,fixed
0.7327698532613667,90.03522384941593,class2,fixed
0.44033782679643774,11.33063763903128,class2,fixed
0.6631568228819655,NA,class3,fixed
0.23890995487021205,28.313241789267494,class2,fixed
0.9985990885864799,-21.998457171750758,class1,fixed
0.24287852161976753,-2.8018665806180536,class1,NA
0.9408284143815248,20.862096583994656,class2,fixed
0.21721975039101793,9.909584301712513,class3,fixed
0.49756438460506747,85.23628534129074,class2,fixed
0.8211769648927358,83.74668712672121,NA,NA
0.7165880467947342,-21.024877415289026,class1,NA
0.705580412120669,NA,class2,NA
0.44044055997571796,-65.20886666390713,class0,fixed
0.7541750254551594,-74.73409611207254,NA,fixed
0.9199535770148588,-72.98416839065374,class0,fixed
0.4413517453158379,1.132433135379344,class2,fixed
0.5279654841547008,-95.6950389451604,class0,fixed
0.06603558401663734,89.5940422435362,class3,fixed
0.3907730736706927,65.4230942341465,class3,NA
0.4672385663332459,-96.99620385157553,class0,fixed
0.8951377108035733,-64.76074888498894,class0,fixed
0.11055744025544123,NA,NA,fixed
0.7311376031989666,-73.80063103781663,NA,fixed
0.5454711685487195,61.898138425316404,class2,NA
0.6065354305165435,-31.052669463341303,NA,fixed
0.029782944129560285,88.02149646667343,class2,fixed
0.14674737976077956,16.402835989416005,class2,NA
0.28398322546618515,75.76639688236881,class2,NA
0.0048720479536060735,68.94688907844437,class0,fixed
0.6691577977971368,81.07846374172985,NA,NA
0.8702579489225982,-8.0239468366386,NA,fixed
0.5469683092712408,9.26936320407465,class2,fixed
0.5431640475192038,59.72071823040787,NA,fixed
0.6157259286130373,-42.85622965317049,class3,fixed
0.30218150041580416,NA,class1,fixed
0.3667319816609417,19.82206152917567,class2,fixed
0.5749397272777665,-96.89334488983286,class2,fixed
0.8092165837173445,18.696281639327438,class2,fixed
0.2015966344081711,-13.264730202108339,class1,fixed
0.32752405584828914,61.47210577696828,class0,fixed
0.742921250389697,-36.95103938092541,NA,fixed
0.3409202491323421,NA,class1,fixed
0.047610928706555034,15.5714430569071,NA,fixed
0.15635692867625162,-63.19795967450699,NA,fixed
0.1938648596595468,57.585846765100854,NA,fixed
0.4951123625611782,NA,NA,NA
0.6351249610913382,-89.2181455852494,class0,NA
0.880219977218583,NA,class1,fixed
0.9025365564222451,35.81376731308592,class2,fixed
0.307160768485095,NA,class2,fixed
0.7533800731255857,-99.91959502172851,class0,NA
0.2824280305589726,95.35182980621192,class3,NA
0.3685768697652759,-24.683937050845103,class1,fixed
0.2927265620931302,NA,class2,fixed
0.41369073619910135,NA,class2,fixed
0.21471569566838056,65.76916159613859,class2,fixed
0.31898600647018904,14.94230094162046,class2,NA
0.12191981389008766,25.615239661470085,class2,fixed
0.9630182395955346,-42.88474366086121,class1,fixed
0.5039830093987828,17.366668131216585,class2,fixed
0.9231006825886638,50.004352740532,NA,fixed
0.7461601407734211,71.66276728580846,class2,fixed
0.4577052876804192,51.016437693536034,NA,NA
0.7546222253081317,39.611449689460585,class2,fixed
0.6280230786069259,NA,class2,fixed
0.30375843415186865,NA,class1,fixed
0.5216593134132719,34.157758157517435,class2,NA
0.7123121956474292,-9.825212717330174,class1,fixed
0.30531353144830675,-23.579449593696552,NA,fixed
0.012522836886473265,-17.837730015562883,class2,NA
0.26826282913593635,-19.704083306091874,class1,NA
0.7967454755900841,-36.52321080834462,class1,fixed
0.9299930889635013,24.383873584060296,class2,fixed
0.6253311549032551,-13.950545835747135,class1,fixed
0.13280748458041103,94.76041558545046,class2,NA
0.7575703592474212,35.560178286862225,class2,fixed
0.526905346047344,-60.28602231457783,NA,fixed
0.753869071621213,NA,class1,fixed
0.8586117030700126,-31.33075204511539,class0,fixed
0.9475415511018243,NA,class2,fixed
0.6545375346228315,75.99965771268634,class2,fixed
0.8542582098426466,NA,class2,fixed
0.7425880576965468,NA,class2,fixed
0.7271011884036769,-45.95834759404844,class0,fixed
0.8587907562669648,-49.52665969908205,class1,NA
0.9230030407536653,70.97958853948049,class2,fixed
0.9020760015248446,5.542929261749336,class2,fixed
0.39575026156518067,NA,NA,fixed
0.0840212797987252,14.497703438321267,class2,fixed
0.8295737184581491,46.628505057502224,class2,fixed
0.5389315533076343,3.802325492811164,class3,fixed
0.542076154739123,54.17678210037761,class2,fixed
0.8251753305664196,13.771598140943112,class2,fixed
0.03198418437577388,-6.858024281603832,class1,fixed
0.8779604187251567,-31.46221840934365,class1,fixed
0.03463400133772032,-86.35813031665917,class1,fixed
0.6931945583783881,-24.415164134380035,class1,fixed
0.5874844793504092,-84.07478446034952,class0,fixed
0.6417491808335967,96.563422746089,class2,fixed
0.37408018773825613,-63.67742973384725,class0,fixed
0.2754620266501041,62.37173954410795,class2,fixed
0.5094085814387623,74.99232899117962,class2,fixed
0.8858231171497215,37.68265047718867,class2,fixed
0.5652896703655683,NA,class3,fixed
0.6631488914643168,NA,class0,fixed
0.44137923095350085,-6.623995447338743,class1,fixed
0.9721390871214521,-30.965589768957003,NA,fixed
0.7425224523517098,-54.99200843718308,class0,fixed
0.3549025108507734,18.502373753159347,class2,fixed
0.6535310326636594,NA,class1,fixed
0.5426164118717204,83.26111069367016,class2,fixed
0.884056212378686,81.92710499031142,class1,NA
0.2750540510654117,-48.57634124356076,class1,fixed
0.10806748517233733,-77.82173985119417,class0,fixed
0.19127205174117012,-61.40745359617743,class0,fixed
0.38704623260508586,-0.08316586422279215,class3,fixed
0.8540597949343145,45.71713359491923,class2,NA
0.2708449138359166,-58.3611123182417,class0,fixed
0.6263588032086836,-50.39328832455385,class0,fixed
0.6235518010455583,70.3343749872734,NA,fixed
0.4080471353479287,-16.830256346494537,NA,NA
0.05033512965945175,23.33701343104724,class3,NA
0.7448338730324927,-53.26677215214999,NA,fixed
0.29572553442388116,-79.6065481148405,class0,fixed
0.39845819654904013,3.1714033937059583,class2,fixed
0.37723956753050947,-4.571802590043532,class0,fixed
0.6636026316710936,NA,class3,fixed
0.08633328681516406,24.3612463480831,class2,fixed
0.5498899204719812,8.802023762787627,class2,fixed
0.015421822343255842,NA,class1,NA
0.9830389835394168,NA,class0,fixed
0.5984272223880148,50.30556342704878,class2,fixed
0.38411422799622663,-55.59017204001546,class0,fixed
0.1467479307274827,3.870364873206597,class2,fixed
0.6968783264368051,57.05920564432378,class2,NA
0.9058084167065523,-95.53391440163877,NA,fixed
0.3181087523446168,-35.1275080547627,class1,fixed
0.7664921446562297,74.58447528002222,NA,fixed
0.28749810204118764,68.94192152041393,class2,fixed
0.9572253423743934,7.6881185189087375,class2,fixed
0.7023157547948075,73.3216548333026,class2,fixed
0.6250155931933211,89.9611982707253,class2,fixed
0.9307347331501478,65.28139952586827,class2,fixed
0.26904238725191854,70.82308876730775,class2,fixed
0.9236157463407607,-80.25131963593033,class0,fixed
0.6780829341239825,30.260866468198202,class3,fixed
0.7713625072014619,40.70339763053059,NA,fixed
0.5716353364349513,NA,class3,fixed
0.8339046774992332,59.92305234720561,class2,fixed
0.6982817992918626,-93.08575602567315,class0,fixed
0.146608701776909,NA,class0,NA
0.6124611286280749,46.34572014790538,class2,fixed
0.27932033561633185,-48.06032134032938,class1,fixed
0.9158787230673001,NA,class0,fixed
0.19823229021015376,26.460663486025567,NA,fixed
0.28571649537130284,NA,class1,fixed
0.04765470496967894,NA,class2,fixed
0.44757914405063814,-10.770753599308549,class0,fixed
0.5575878151711118,56.54988295683438,class2,NA
0.5735610825770953,98.09435672476815,class2,fixed
0.905377379959673,-39.950332093219984,NA,NA
0.34741393280060506,NA,class3,NA
0.44752837959125524,NA,class0,fixed
0.8512376625014975,8.311875777474654,NA,fixed
0.5768293032320249,NA,class3,fixed
0.6539929348777337,27.320880000379447,NA,fixed
0.27835933039431604,98.78260492209577,class2,NA
0.48747130162584906,9.214160828590323,class2,fixed
0.6209523875804722,NA,class2,fixed
0.13339403014523998,NA,class3,fixed
0.03290871659253447,-28.858965803223782,class3,fixed
0.11341100113082614,NA,NA,fixed
0.47746107633965307,-67.92096409607018,NA,fixed
0.02402673463080851,49.1274385414992,class0,NA
0.6262089291372217,NA,class0,fixed
0.09758261797608447,-26.69138055125113,class3,fixed
0.25096153771624574,72.46925056760881,class1,fixed
0.42649294585621844,38.53554350147087,class2,fixed
0.11582674670624904,NA,class2,fixed
0.2705519937974664,-62.272639808937825,class0,NA
0.021079672835511265,-11.619143850315325,class1,fixed
0.9850455536104694,16.315481468858238,class2,fixed
0.6115736081214106,97.95034153274105,class2,NA
0.3783538388352491,NA,class2,fixed
0.026528351110449155,-50.45341964752903,class0,fixed
0.3898387483749842,-47.565383245417614,class0,fixed
0.4525586263864343,50.03448265959855,class2,fixed
0.9310031937645028,-8.604934512861433,class1,fixed
0.27850417183805665,-88.61411231778101,class0,fixed
0.6147818910832991,1.703248122047924,class2,NA
0.6651683545821934,-57.60796707126481,class1,fixed
0.18596096979633892,59.72084895204205,class2,fixed
0.5057633489864318,-40.53372369854556,class1,fixed
0.7865007628599349,-94.47879760909927,class0,NA
0.09657903442841353,18.686489892924214,NA,fixed
0.6060352981689622,68.76808578623778,class3,fixed
0.02605993268839324,-23.79677518755716,class3,NA
0.00704672381007565,NA,class2,fixed
0.059528607140071355,2.2282956594256405,class3,fixed
0.4814004591490364,8.190360992437732,class2,NA
0.9257041086902309,91.88686421235047,class2,fixed
0.4055573841390242,60.79217829972936,class2,fixed
0.07503263933654081,-93.53538667528521,NA,fixed
0.8613524744830288,NA,class2,NA
0.5192975854704402,NA,class1,fixed
0.3189358689174241,89.50978827901997,class3,fixed
0.9630323387846756,-55.71345313530234,NA,fixed
0.9382617685023783,NA,class1,fixed
0.2600189719566923,NA,class0,fixed
0.20139185371372026,-14.2762342672427,NA,fixed
0.5889087033060773,-78.19624719618633,class0,fixed
0.8425182098415589,26.757352122383566,NA,fixed
0.3367210897450549,60.592647474747565,class2,fixed
0.5864294214642616,39.36009922403571,class3,fixed
0.16224499947880777,NA,NA,fixed
0.19459373523814183,-31.509176031296036,class2,fixed
0.7613352159920956,69.17029660553553,class3,fixed
0.15009846135204996,-14.246245000111486,class3,NA
0.2659070410478275,64.80197408246374,NA,fixed
0.6894948631776694,25.299231724858757,class0,fixed
0.01508930763297911,-71.31539026595101,class0,fixed
0.03219440386857053,-84.32262002901041,class0,fixed
0.28752594002402865,-96.33347141739854,class0,NA
0.3366231805122991,-86.6550004721287,class0,fixed
0.36221610553001116,-8.283237258313633,class1,fixed
0.8071905755135196,-77.3316154464819,class3,fixed
0.035980967658641894,-94.44333023026601,class0,fixed
0.3583952446253251,50.97229627809347,class2,fixed
0.6382781332668243,-21.02990390787211,class1,fixed
0.14300410951832265,49.38769912150502,class2,fixed
0.8577386145114406,NA,NA,fixed
0.6455644082734328,NA,class1,fixed
0.11529342548002708,-4.3854986564338105,class2,fixed
0.2080974099989472,-5.199214687561195,class2,fixed
0.7454983307481646,60.632668422833916,class2,fixed
0.40340662833417285,-19.52149602845283,NA,fixed
0.48447006094850675,NA,class2,fixed
0.8874550780727275,-92.58779040919282,class0,fixed
0.1374435496242309,54.774868544083745,class2,NA
0.9643727973861176,-74.87172377245224,class3,fixed
0.04262968179657989,23.7027133824171,class2,fixed
0.09944025725488481,-97.92714773295361,class2,fixed
0.2232384309404435,7.725456515269386,class2,fixed
0.8065850822605141,-99.39640867608072,class3,NA
0.4558728073695024,90.2387570980409,class1,fixed
0.6532511422613194,81.08040674055562,class2,NA
0.17432113751983724,NA,NA,fixed
0.16672193292652826,83.0548639829575,class2,fixed
0.5208483405537891,-70.88835376832058,NA,fixed
0.7402936352802216,-68.45398602589334,class0,fixed
0.46247446521502844,-62.4736654195132,class0,fixed
0.8696140851211128,24.49918045998423,class1,fixed
0.6604119346706403,NA,class1,fixed
0.2490900884519328,97.99103567181473,NA,fixed
0.23490222080210488,42.22449175316319,class2,fixed
0.3740467168670696,46.360081828459045,class2,fixed
0.7566160562962172,81.8586409088509,class2,fixed
0.9379376643097822,-19.82525352577582,class1,fixed
0.8619059993188329,-50.02986395499265,class0,fixed
0.26161079268292176,-65.31396584257543,class0,fixed
0.4122789279785698,-76.1085899332542,class0,fixed
0.6115440994503215,NA,class2,fixed
0.5468344558158084,-70.64152531655137,NA,NA
0.3892749454089657,-47.14050345461986,class0,NA
0.10142077688127671,63.817835726706164,class2,fixed
0.7122448043972556,-37.882549641158,class1,NA
0.08813516392543386,96.48348985858857,class0,fixed
0.8660774293737196,NA,NA,fixed
0.8634484403326346,6.730668994242279,class2,fixed
0.7084507915153727,NA,class0,fixed
0.4864245738076861,82.15456623476749,class2,fixed
0.6991465654129165,-26.688671229753112,NA,fixed
0.3949870601017651,NA,class1,fixed
0.7974959842933487,2.458538455672283,class2,fixed
0.7864170822798477,NA,class2,fixed
0.15552858387362167,NA,class0,fixed
0.3178175503505978,NA,class2,fixed
0.34398317678599033,78.20379085846778,class2,fixed
0.3641702986535258,NA,class0,fixed
0.5666455566878987,NA,class2,fixed
0.041687442520287776,-34.80203764599494,class1,fixed
0.6599697189638991,71.89786417311717,class1,fixed
0.20163175905663433,11.703310184503565,class3,fixed
0.4164625561731081,38.045573632549576,class2,fixed
0.4508926565007,-9.429300009692511,NA,fixed
0.3487267695476459,25.661807504271422,NA,fixed
0.38328031012801256,-41.980629662514836,class3,NA
0.18030606084775935,-98.13028440669684,class3,fixed
0.0681300573940744,15.351186997418154,class2,NA
0.5512566489358516,-37.71115717350744,class1,fixed
0.5958669456166511,3.4535197002259537,class2,fixed
0.1454997892217088,83.28117061077955,class2,NA
0.23094170832212413,-14.705042299720802,class1,fixed
0.2863771315373824,-50.52079267952292,class0,NA
0.8307513669044257,-25.74124774418911,NA,fixed
0.15342094116241234,86.37222332730812,class2,fixed
0.5521388075534814,87.37367626181873,class3,fixed
0.5681397176921924,68.86598971314265,class2,fixed
0.3434200931086723,84.0413028611321,class2,fixed
0.3506171893069536,-54.41994200973661,class3,fixed
0.9591120175192023,NA,class0,fixed
0.5533439494595207,-54.53805274306225,class0,fixed
0.6527312009009547,NA,class1,fixed
0.4907401164444133,-65.04682472873768,class0,fixed
0.6466499816717906,21.4188323944921,class0,fixed
0.605250785507062,-17.28271699976773,NA,NA
0.14517329292009562,NA,class2,NA
0.3346805328845932,-62.973920346193864,class1,fixed
0.46043399345893343,40.37530595126208,class2,fixed
0.12782166160638486,NA,NA,NA
0.3630733236044982,NA,class2,fixed
0.22814163429292222,-30.20248055584223,class1,fixed
0.847502602270402,-88.60712010343346,class3,fixed
0.34147408002129864,-54.23726580792483,class0,fixed
0.2267893206662649,32.8205110709587,class2,NA
0.4081814028522822,-0.5499813278937467,class1,NA
0.6830640476222469,3.803196814735756,NA,fixed
0.06562199896142484,-65.0559699782155,NA,fixed
0.18072921360298977,14.143170309251275,class3,fixed
0.6943069389237286,99.35068504164201,NA,fixed
0.7522566048040932,63.36702175832437,class2,NA
0.6177542796100679,NA,class3,fixed
0.8791985605365955,NA,class2,fixed
0.16880019007759361,80.31251693386426,class2,fixed
0.7035477322014285,19.12158672052911,class2,fixed
0.9172601590800086,-93.51473493710859,class0,fixed
0.1507396591030582,-81.28458083650385,NA,fixed
0.24376397739618116,-86.92565699155472,class0,fixed
0.5466845720908042,-9.653370261704936,class1,NA
0.3441193369759975,-24.91303336642845,NA,fixed
0.6906390807823941,95.07000685405731,class2,fixed
0.05756761842510749,-66.40334136007701,class0,fixed
0.1607641423234598,94.55751838653103,class2,fixed
0.7162383064796215,53.494973772602606,NA,fixed
0.9706186984339439,NA,NA,fixed
0.9295503765123406,NA,NA,fixed
0.9010669934228137,33.7465540413464,NA,fixed
0.12774331390359328,-4.623533295761334,class1,NA
0.14592891807160346,-97.37272861538555,class0,fixed
0.07226475681487265,-29.39878289163505,class2,NA
0.5425402331447909,-1.585639701288315,class1,fixed
0.8824861729023715,46.01824221802087,class2,fixed
0.5317919000668885,-6.274331450778163,class1,fixed
0.7817152853959399,NA,class0,fixed
0.18845378691126158,-72.46745181087937,class0,fixed
0.863111260166335,-97.8222532393042,class2,fixed
0.18742477072535146,NA,NA,fixed
0.054764126066523255,NA,class1,fixed
0.4214910104280981,96.87669003870215,class0,fixed
0.5551044300084385,-55.9531547681688,class1,fixed
0.9707420095213946,-32.25839490366407,class1,NA
0.09175383344119148,4.7792271332263425,class2,NA
0.27391809322955496,50.97829141210656,class2,fixed
0.10510706908204948,-7.228443219940871,class1,fixed
0.3904396367376164,-75.03549137766474,class2,fixed
0.2890110831877697,-37.4997243015901,class1,fixed
0.5133003494679066,0.9038339401989219,NA,fixed
0.348256681750747,34.76980160337354,class2,NA
0.928228018250101,54.029991262418434,class2,fixed
0.7899477963830404,-73.93284380912914,class0,fixed
0.8610113686139755,-95.41697373552364,class0,fixed
0.12950094594289585,3.816464442397887,class2,NA
0.5750701669887139,61.99774213248327,class2,fixed
0.21478253588485874,-97.47924659402474,NA,fixed
0.868238571440889,NA,class2,fixed
0.015019421753424078,37.361645331398364,class2,fixed
0.10574421513005217,-10.15064928267249,class3,fixed
0.3760570755473156,82.95773734838684,class2,fixed
0.4020939060931935,28.8722169513986,class2,fixed
0.2772200829786826,-98.95203246970684,class0,fixed
0.09606299875993918,-3.1143108971248807,class3,fixed
0.11873040511259358,NA,NA,fixed
0.3179447538473339,66.07991400746789,class1,fixed
0.9507928340777205,29.830839422495586,class2,fixed
0.20740656481932396,34.73968477972633,class2,fixed
0.7472803210592225,15.699915957840105,class2,fixed
0.25818866400748397,-45.17604496662957,class1,fixed
0.03724025561078481,NA,NA,NA
0.01605220916706207,34.34595696348407,class1,fixed
0.15270593118117648,NA,class1,fixed
0.46208419299774217,71.16567345078556,class2,fixed
0.7559010975378051,-60.99250279825854,NA,NA
0.7288149319451539,NA,NA,fixed
0.3523894424830367,NA,class1,fixed
0.4791392787629136,NA,class2,fixed
0.8140737533756652,-14.452534132784763,class1,fixed
0.8384029063789791,61.539681822441906,class2,fixed
0.3199167004179855,-29.293027466401924,class3,NA
0.004265018407107135,-57.26135247408377,class3,fixed
0.046930843226232644,53.45690168435331,class2,fixed
0.7378073776039841,-38.27161047386978,class1,fixed
0.27263228107250803,46.6490135452855,class2,fixed
0.4814858121866522,48.89463061554642,class2,fixed
0.1920312660311443,-55.720659818359785,class0,NA
0.8471129160821944,-57.17757263587031,class0,fixed
0.5033776096365531,-60.21041531458666,class0,fixed
0.5271601757222614,-71.49633244683108,class2,fixed
0.28807958808575485,-24.583480158533177,NA,fixed
0.5119992306639229,-94.67442306167571,NA,fixed
0.0019636453825200295,-77.81592619315188,class3,NA
0.27729504034321006,34.91280475268209,class0,fixed
0.34876298353843593,59.95530737947726,class2,NA
0.283950886289036,-83.89409457432282,NA,fixed
0.08595222757741783,-53.65953790284159,class2,fixed
0.5217812092340585,-58.474867639237125,class0,fixed
0.7884791333735152,83.46671261632613,class2,NA
0.9425984356081718,NA,class2,NA
0.49728979211666346,10.776922210282862,class2,fixed
0.5937538583554435,-39.09640241587595,class0,fixed
0.2908599378104706,66.97080952635969,class1,fixed
0.1491595089201888,-12.938808474096007,class3,NA
0.13187169072844107,NA,class2,fixed
0.7323607758695577,NA,class2,fixed
0.7344694353499344,-4.393738406943328,class1,fixed
0.1793500166366352,-74.75797925012826,class0,fixed
0.41356037977579185,95.20871009354951,class0,fixed
0.5941443278915395,-68.03326993118134,class0,fixed
0.12528194618614874,-59.47957495606748,class0,fixed
0.7853689498688659,-13.763648967925818,class1,NA
0.619992203320239,-19.159618844970552,class1,fixed
0.6152216915084545,NA,NA,NA
0.7012080919186323,45.86378387222467,class3,NA
0.9871830820663744,-62.25098662456281,class0,NA
0.5623944559571782,28.779128862332556,class2,fixed
0.864416261698348,50.861190115259745,NA,fixed
0.4187086750571659,NA,class3,fixed
0.6544693512274343,20.190849621528002,class1,fixed
0.9252611878587662,49.78567504916728,class2,fixed
0.6641508156440753,27.643742124066677,NA,fixed
0.3030806759430662,19.425460589329816,class2,fixed
0.6199456938616299,NA,class1,fixed
0.35131832035819255,46.32129424830177,class2,fixed
0.3223666751344195,89.06168799998994,class2,fixed
0.6102050587463702,-14.887721947690608,class1,fixed
0.16032323198838705,56.43636336628106,class2,fixed
0.4867389357577533,-88.77179206761694,NA,NA
0.9456342849863913,67.05432049799319,class1,fixed
0.38391424197853796,-61.54999663557046,class2,fixed
0.18896259324581144,-20.980626222005355,class1,fixed
0.468838949642181,-39.98379081492871,NA,fixed
0.8409078314535324,-83.97927123879015,NA,fixed
0.8426677225950326,80.92620058724859,class1,fixed
0.8278032394592222,-25.96916448925235,NA,NA
0.011475512605813365,6.139487695227899,class2,fixed
0.2670403099282952,-1.1767468207349907,NA,fixed
0.9998757875742624,-73.56777161141237,class2,fixed
0.1196832771924865,-58.7091882221134,class0,fixed
0.4900894960876333,-84.76223819353577,class0,NA
0.7900261506026853,1.5843399890574972,class2,fixed
0.12221391009385618,NA,class1,NA
0.6624091806912479,-28.587678223441614,class1,fixed
0.4880804455213241,-78.38693426055264,class0,NA
0.19428998208618675,57.510367930501445,class2,fixed
0.8786300265827204,-78.68322464223978,NA,fixed
0.18148739755773036,97.14176474263755,class3,fixed
0.6390528592947753,-64.56776711231653,class0,fixed
0.7408268781979291,14.48102248692986,class2,NA
0.5626728865932282,NA,class0,NA
0.6288415685971911,57.42325793116683,NA,NA
0.11896539662200445,-62.07881043634069,class0,NA
0.3080369870545313,5.580795681625332,NA,fixed
0.5869622072296792,48.01550863181433,class2,NA
0.3954637163075114,NA,class0,fixed
0.6639460814328006,NA,NA,fixed
0.8519546448042983,NA,class3,NA
0.19022208931218354,51.83920986342895,class2,fixed
0.903272700870335,44.58303871124275,NA,fixed
0.38317585043109326,-64.69019314458339,NA,fixed
0.9431243307282546,72.39331153341467,class2,fixed
0.6173823130249652,-96.04498009673115,class1,fixed
0.7900955211459,72.04739948462304,class2,fixed
0.514775428373226,NA,class2,fixed
0.5311446943933088,-19.35590557883016,class1,fixed
0.3275938987659719,51.74938620446733,class2,fixed
0.1293647072273555,43.385800338493965,NA,fixed
0.3838219118604237,97.4652349616853,class2,fixed
0.21497648079167764,-44.382990277403444,class1,fixed
0.03286525588191658,-99.24126551813148,NA,fixed
0.27488682982525947,86.78052166297755,NA,fixed
0.18057605266685695,71.57942090757876,class2,NA
0.8755303150381228,NA,class1,fixed
0.08123656243140498,3.3377565843076837,class1,fixed
0.18389559908188324,41.39124904975219,class1,fixed
0.7040306955363342,NA,class2,NA
0.9192258910202734,-25.02481129262813,class1,fixed
0.2514584522319341,54.06450506599151,class2,fixed
0.021301131461381573,50.12486383503506,class0,fixed
0.9605044727550998,22.642242308851948,class2,fixed
0.6822206404739506,NA,class2,fixed
0.3106626960638559,39.461603852868194,class3,fixed
0.4723734422152398,-99.37742843496157,NA,NA
0.5992558738787634,54.97932934491956,class3,fixed
0.3738685720653422,79.28332049136938,class0,NA
0.874487796621177,-52.136858512499074,class3,NA
0.7261725883076274,-75.84656313815405,class0,fixed
0.9543407046242112,-55.94320244125448,NA,fixed
0.3510655228482117,NA,class1,fixed
0.9371740887217811,76.60570171276683,class2,fixed
0.47910057422574404,NA,class2,fixed
0.6423226386484714,-42.657670078713885,class3,NA
0.7366472047548874,NA,class0,NA
0.8093379690056801,NA,class3,fixed
0.39625936728269384,22.774217948250524,class2,fixed
0.44794597851477114,-35.17229402051068,class3,NA
0.8172770261127507,NA,class0,fixed
0.7175572030909549,-11.176578596677118,class1,fixed
0.9408492093746439,65.62707214630242,NA,fixed
0.9795978714178412,-14.73036915275388,class1,fixed
0.1789133363658466,-30.860235764899528,class1,fixed
0.2279194118127552,34.994320961821046,class2,fixed
0.7159864472790468,NA,class0,fixed
0.7473827346542434,-6.5508352146892435,class1,fixed
0.6031795542325254,-37.04686253519671,class1,fixed
0.8772997642215113,25.371120432566926,class2,fixed
0.2519904621107385,75.47209493896253,class0,fixed
0.3394873942967924,NA,class1,NA
0.49464684810690895,56.891483758384624,class2,fixed
0.31502708896856757,-8.606859887689922,class1,fixed
0.5454390893418044,31.245866343426286,class2,fixed
0.6824780792979444,-73.63180499449957,class0,fixed
0.22036690115369484,-13.403698606470371,class3,NA
0.48533745396838057,81.86239773098734,class0,fixed
0.9929813576374784,21.095800206186937,class3,fixed
0.3241613031812349,53.35491744742043,class3,fixed
0.03536191949131395,0.9401216191788677,class2,fixed
0.8173517292840132,-0.38887503439850946,class1,fixed
0.5033067835996623,68.57996803856997,NA,NA
0.052783856118570505,-86.43861313180925,class0,fixed
0.8903050272242412,14.654454309936924,class2,fixed
0.4045143799803578,88.55251508658986,class2,fixed
0.9292731821403969,3.5720096344643792,class2,fixed
0.40207817380056154,-61.1068380944231,class2,NA
0.07683228477468085,69.58787848869522,class2,fixed
0.2453011441199927,-49.67217152882944,class1,fixed
0.3502605057072028,40.14520729650758,class2,fixed
0.7507282923552251,8.052188079379974,class2,fixed
0.18474815234928366,89.76725765604391,class3,fixed
0.4309736537258744,24.867340480535177,class2,NA
0.8732454198159687,67.59559240954587,NA,fixed
0.5337610913727832,-98.41342476109538,class0,fixed
0.10315471974905666,NA,NA,fixed
0.024522487054632225,-84.4570859335227,NA,fixed
0.7058098011610486,NA,class1,fixed
0.979127490958217,89.23047909135306,class2,fixed
0.7851652629523068,-98.21217952575098,class0,fixed
0.7647261968454175,64.54600108438711,class0,fixed
0.6754475156780199,72.24232767335889,class3,fixed
0.7955027102986651,NA,NA,fixed
0.04001778567264369,NA,class1,fixed
0.264681631716854,NA,class3,fixed
0.6953975359715524,-4.427599113555772,NA,fixed
0.8669883296077439,-73.13227826886077,class0,fixed
0.6746068718168242,85.56979856500215,class2,fixed
0.17627612798343162,79.19399340132969,NA,fixed
0.9363084599456931,-1.6909699966129352,class1,fixed
0.9033787001108529,71.34049930355843,class2,fixed
0.08667876614010639,-16.284394847180266,class0,NA
0.193000037574253,36.69298003326023,class0,NA
0.2751930306105267,-20.40187211841551,class0,fixed
0.7384118706046068,1.1484034901620817,class1,fixed
0.859373328300857,-62.089659433214536,class0,fixed
0.5783223874515512,92.99778482218278,class3,fixed
0.19964557065166222,-41.15686235114906,NA,NA
0.41508988762136245,-79.30808877671973,class0,fixed
0.13785920026410714,-71.13691995419038,class0,NA
0.9173961868584244,-97.1815411615114,class0,fixed
0.7645309404104735,43.18913989247889,class2,fixed
0.5102138338060775,12.899664048174813,class2,NA
0.45357504317083797,58.91567023695043,class0,NA
0.0978420783455699,1.4159846568272911,class2,fixed
0.3186753563003273,NA,class2,fixed
0.12063279535739646,39.15284285436789,class2,NA
0.7823380633622601,NA,class2,fixed
0.5448837066761946,-18.70342620458274,class1,fixed
0.22727738141515885,NA,class3,fixed
0.22420283925593631,-64.04114046140512,class2,NA
0.2603981975157855,-35.6360073224192,class1,fixed
0.308872752316256,NA,class0,NA
0.38770513178140986,-18.272554997347527,class1,fixed
0.29754893237723723,-51.716250406880235,class0,fixed
0.6795558945331504,-18.615601174128415,NA,fixed
0.03507361930507891,95.04446848746241,NA,fixed
0.3281103149313681,NA,class1,fixed
0.7452918728580155,96.49818899497907,class2,fixed
0.9428079850752847,27.261225171196713,class2,fixed
0.8027325501575512,-24.9817963212178,class3,fixed
0.24082620957155398,NA,class2,fixed
0.2329154683838317,NA,class2,fixed
0.19033679471718912,-49.593383973832125,class1,fixed
0.8824975348586093,NA,NA,fixed
0.23785568724121986,-13.412298253167393,class2,fixed
0.7581806234131274,-28.497766533911715,NA,fixed
0.26104973140468657,-33.94461269498382,class2,fixed
0.03308184340751563,39.4737751226279,NA,fixed
0.7334477000687659,-46.26997521875469,class1,fixed
0.7262018097952009,61.655602741076024,class1,fixed
0.08895911096105347,-40.942241120030445,class1,fixed
0.3267012579296016,NA,class2,fixed
0.9483652901890226,NA,class1,fixed
0.16294899858218448,71.07128251907395,class2,fixed
0.08667247265291012,77.67728687907717,class3,fixed
0.5946038881116259,-63.12311152644665,class0,fixed
0.930989865345972,17.069691787650214,class2,fixed
0.1337783077430914,79.64100920342742,class3,fixed
0.5130122936600178,-10.776556193114061,NA,NA
0.6839992141169576,84.37366109676307,class2,fixed
0.17182975960682711,NA,class0,fixed
0.011259893492189477,NA,class2,NA
0.8876831304797248,36.490741953363084,class2,NA
0.035231270653359514,-54.35885332990318,class0,fixed
0.25745828380767455,-97.24649748845664,class0,fixed
0.6516840317406685,-16.65520752586079,class1,fixed
0.2857829333557622,87.69637837134681,class2,fixed
0.009707596574816568,-31.394378033918684,class1,fixed
0.5754518344649824,55.94885909651998,NA,fixed
0.30779227833471057,-65.05273743451852,class0,NA
0.15151406185212313,-31.609432739509515,NA,fixed
0.9712833117325801,-71.08045583238065,NA,fixed
0.16497226789895247,43.3541628292752,class2,fixed
0.7272354411432771,39.861524739362835,class2,fixed
0.890724191493513,37.69946358978376,NA,fixed
0.8587151157269453,-49.32079310274007,NA,fixed
0.1842570671584468,38.47202432468177,class3,fixed
0.23680853369423926,-54.54049181681009,class0,NA
0.018362636502572416,NA,class1,fixed
0.9314054672648543,NA,class1,fixed
0.8871211766573064,-28.938417675975558,NA,fixed
0.5954661689695429,-88.46903855174872,class0,NA
0.10936765550685368,NA,class2,fixed
0.17354264684250154,NA,class2,fixed
0.5769603709326084,22.717738900567113,class2,fixed
0.25165697350014493,29.662551232624907,class2,fixed
0.30017183323604846,-66.01185715654844,NA,fixed
0.17098734894301837,-70.11064021222751,class0,fixed
0.18959171907276484,2.8350087051765627,NA,fixed
0.4634211543904514,NA,NA,fixed
0.5098739726284359,-63.209311690555595,NA,NA
0.5115798896647326,-7.432176258348022,class1,fixed
0.9971387993669208,-14.21353319401942,class1,fixed
0.1295958172701398,-0.5421628160967344,class1,fixed
0.7561698883877354,-67.69784590279761,class0,fixed
0.7937567472248925,-31.511871773037896,class1,fixed
0.5848825987705206,-47.62391917929596,NA,fixed
0.4627381802693252,68.90538864589578,class2,fixed
0.8934266373502794,60.06644915528034,class2,fixed
0.8281802190731247,-14.67216834637128,class1,fixed
0.050290936028703714,21.403092157807777,class2,fixed
0.962983753087854,-70.90687794675601,class2,fixed
0.007339891753643801,1.9226588435117264,class2,fixed
0.5731322046839419,-40.610582842619095,class1,NA
0.5724308169270726,71.9301907138402,class2,NA
0.8343796647905168,34.31967618127797,class2,fixed
0.3847160679253756,26.694802524484203,class1,fixed
0.09104086904598219,-75.04973998616416,class2,fixed
0.5816872693689248,NA,class1,NA
0.024845860363731265,97.31455591737631,class2,fixed
0.36179576090716137,NA,class0,fixed
0.9853168020853229,29.017128052088708,class1,fixed
0.86877886955502,-69.65502579360528,class3,fixed
0.15249674176120542,27.825369743981,class0,fixed
0.7988260890560822,13.132422508785496,class2,fixed
0.8109969194215267,-6.266832467749595,class1,fixed
0.928207219127176,-14.392506106345976,class1,fixed
0.22438426604398454,19.853951131606024,NA,fixed
0.49896747449996004,NA,class1,fixed
0.8274440914110759,50.22420807438749,class2,fixed
0.6673337849981975,NA,NA,fixed
0.5939361433837695,84.94083630720561,class2,fixed
0.6519758207707419,-87.05200331169023,class0,fixed
0.23851601279901302,98.2693017463618,class2,fixed
0.025540084875790736,-89.4010914664021,class1,fixed
0.736257257446534,-60.10089077228773,NA,fixed
0.3267918253308776,NA,class1,fixed
0.3767568869201464,-78.49822476296646,class0,fixed
0.6126160541495541,NA,class2,fixed
0.657165042363517,-90.40148719022653,class0,NA
0.20289890062284244,-43.075223798611574,class1,NA
0.8260315378454188,NA,class0,fixed
0.38020660524547945,40.70386622101623,class2,NA
0.6317444085013915,NA,class2,fixed
0.9664114156523105,-24.28388134987955,NA,fixed
0.5647862352666362,-62.36114799403576,class0,fixed
0.35891114178885686,49.40096580598902,class2,NA
0.6189701087401422,-31.92414184690655,class2,NA
0.5017931180631695,59.06023348112856,class2,fixed
0.45237624777785157,NA,NA,fixed
0.7322707347562686,5.133888870195875,class2,fixed
0.9245101499841026,-94.30183010168656,class0,NA
0.4792714152835895,28.846403975806368,NA,fixed
0.08823015100009579,-29.868699513566526,class1,fixed
0.5696535566840739,NA,NA,fixed
0.2449508551148344,-13.223324757659881,class3,fixed
0.039577911475369154,-23.506508545816487,class0,fixed
0.7881402066436831,-6.042191982727957,NA,NA
0.2727682366647881,NA,class1,fixed
0.7770704929423838,NA,class1,fixed
0.48820894308820484,54.882026667207896,NA,fixed
0.31793589107511533,10.553519309978498,class3,fixed
0.31402545005089677,NA,class2,NA
0.04202476008611444,-29.009429770085603,class2,fixed
0.5343998369045507,NA,class0,fixed
0.8235515559967603,82.20384793139365,class2,NA
0.08389535249937796,-91.29314724844693,NA,fixed
0.10855870560871761,90.15068561220045,NA,fixed
0.5292559268677169,11.281383134185049,class2,fixed
0.6601418096235968,-24.727356662582494,class1,NA
0.6947459923366617,99.01046446782223,class2,fixed
0.313221695146886,-88.32747077047367,NA,fixed
0.037777775806146496,3.3412719535224227,class2,fixed
0.4145628796923949,-93.78058490889043,NA,fixed
0.22604417087529416,NA,NA,fixed
0.0011148302524066622,-63.906298200976885,class0,fixed
0.6857165722257366,26.191840067906085,class2,fixed
0.9520625390545332,96.1847351501163,class2,fixed
0.3911517605350282,NA,class2,fixed
0.3002984293714631,-9.632750115825871,class0,fixed
0.5537518126102953,41.69217401034345,class2,NA
0.8519762580648814,55.493750000637846,class2,fixed
0.7949674246929233,-1.031383163487277,class1,fixed
0.6847567049785765,5.706698035513028,class2,fixed
0.4321070912997065,-69.84312032556147,class3,fixed
0.6904340198543137,-26.120014877618743,class2,fixed
0.21602535125160705,-71.55574938544267,class0,fixed
0.28394343784624676,45.37875066891252,class2,fixed
0.7778206109003843,NA,class1,fixed
0.9299801363463566,-10.224232658646898,class0,fixed
0.19004950361668982,77.19959423307026,NA,fixed
0.29606328941823257,5.523754462312283,NA,fixed
0.0062102671905160944,-18.181833616628012,class2,fixed
0.43156224528040166,-46.22159555747083,class1,fixed
0.21029507175260098,-85.59759296604601,class1,fixed
0.6414247825536215,-16.372773254936845,class1,fixed
0.7095892156781084,NA,class0,fixed
0.11877771439848506,-41.76921188951439,NA,fixed
0.08214400203193162,0.7019019696792981,class2,fixed
0.9063350695803358,93.18661300394447,class2,fixed
0.3892387547409639,-78.12341716128309,class3,fixed
0.5334034972660143,34.6082108433244,class2,fixed
0.9632415649136705,-0.013525780160009049,class1,fixed
0.7590540122163353,55.4196458551566,NA,fixed
0.3255402975989895,-71.27860042515815,class0,fixed
0.08584930112029354,-83.3594727128249,class0,fixed
0.536024016688411,-20.15627892950924,NA,fixed
0.33612544293733115,59.392450395980035,class2,NA
0.021685404526101903,-61.664852218021984,class0,NA
0.7711523332537787,53.555438429454796,NA,fixed
0.38490912985398285,-41.94040058762636,class1,NA
0.5713211500587355,-56.62170247764094,NA,fixed
0.7557428557962304,-96.65688218459871,class0,fixed
0.9408474199010457,-20.26818801552426,class2,fixed
0.6123223386846226,NA,class1,fixed
0.31539617878014314,31.868987239072936,class2,fixed
0.11007650784701795,-85.81631990592255,NA,fixed
0.07391888791127221,-69.47920259154563,class0,NA
0.3196907738727295,-96.68482341981317,NA,fixed
0.660839138956005,-77.24072871051864,class0,fixed
0.6951520647276903,30.357855202018072,class2,fixed
0.20771804006298766,NA,NA,fixed
0.08279593858834744,-35.794737166536834,class1,fixed
0.3055106612860311,11.582398848754494,class2,fixed
0.5475745598545727,98.69209261997,class2,NA
0.7546696744748647,NA,class2,fixed
0.5296573205700426,39.924636479916785,class2,fixed
0.28698375274707455,83.65171782641158,class2,fixed
0.6241797232639109,NA,class0,fixed
0.2648366551761958,NA,class3,fixed
0.652692914334523,-5.198742002389082,NA,fixed
0.8418980078267378,-30.16651740858454,class1,fixed
0.6389478203684317,NA,NA,fixed
0.5656314689767339,-2.087007770966281,class1,fixed
0.3071421092708613,7.929822018670123,NA,fixed
0.8767770399379612,79.05207314624417,class1,fixed
0.9888218847172996,NA,class1,NA
0.777479431209941,NA,class2,fixed
0.5736438575704191,-49.28365012567433,class1,NA
0.14127933264100168,-45.238059168378285,class1,fixed
0.31492902239260356,-34.327721982481975,class0,fixed
0.3668593185911837,9.512854096190694,class2,fixed
0.2918952210274658,-55.97426519460376,NA,fixed
0.4459528147489278,34.28583421625467,class2,NA
0.6106325168676457,-71.44134343939992,class0,fixed
0.2129145905151636,-81.17994510007212,NA,fixed
0.24975975428670383,74.03834924107554,class3,NA
0.11215048322109678,-52.626259288600295,class2,fixed
0.3075885891748025,-22.799197795480893,class1,NA
0.49744827858464324,14.30841854506646,NA,fixed
0.48980778471008823,5.160393990293997,NA,fixed
0.9955772118463961,-84.79522411157862,class0,fixed
0.9811085630636269,74.82518711960566,class2,fixed
0.4365627716811432,90.22712368373843,NA,fixed
0.9720206217903173,62.50146083493436,class2,fixed
0.21439790417581406,-43.23963301062514,class1,fixed
0.5411208861089534,5.569359223591903,class2,fixed
0.4534353144697316,NA,class1,fixed
0.9676088975125462,10.933462157533341,NA,NA
0.8361762231353584,94.8806937826005,NA,fixed
0.21414692478074127,NA,class1,fixed
0.43953910215539116,33.759321184573935,class2,fixed
0.16847697164644715,-34.80655853820282,class0,NA
0.5290872104552504,54.89545320301593,class3,fixed
